sequence_idx,cluster
GCA_016628565,0
GCA_022578615,1
GCA_011801305,2
GCA_033819875,0
GCA_900002365,0
GCA_020500805,1
GCA_004679275,0
GCA_030061565,1
GCA_000977265,1
GCA_026024425,1
GCA_902827195,1
GCA_001654555,1
GCA_012656375,1
GCA_949121745,1
GCA_003850985,1
GCA_009193465,1
GCA_027603655,3
GCA_949124525,1
GCA_000524645,0
GCA_949124365,1
GCF_030869225,1
GCF_023757985,1
GCF_028826775,1
GCF_000026945,1
GCA_015501605,0
GCA_000616905,1
GCA_046127475,1
GCA_932563355,1
GCA_024704445,1
GCA_011763855,2
GCA_027924045,1
GCA_001660665,1
GCF_000709125,1
GCA_003046695,1
GCA_027575685,4
GCA_029989845,1
GCF_009193585,1
GCA_021442365,1
GCA_015501585,0
GCF_010015565,1
GCA_020502125,1
GCA_027578295,4
GCA_004917795,1
GCA_002307695,0
GCA_024613185,0
GCA_030553285,1
GCF_025201335,2
GCA_005059875,0
GCA_019677385,0
GCA_011951285,2
GCA_949126085,1
GCA_003070745,1
GCA_903819125,1
GCA_027577835,4
GCA_020744425,1
GCA_949124695,1
GCA_020579815,1
GCF_020536065,1
GCF_001890705,1
GCF_000171015,1
GCA_028827425,1
GCA_910592345,2
GCA_004307915,0
GCF_900007375,1
GCA_947370805,1
GCA_040438265,1
GCF_002846915,1
GCA_027577235,4
GCA_000750675,1
GCA_016758765,0
GCA_027596065,3
GCA_011763835,2
GCA_027604405,3
GCA_949124675,1
GCA_021527035,0
GCA_021436955,1
GCA_002222295,0
GCA_911175035,1
GCA_900074735,1
GCA_003426265,1
GCF_021365285,1
GCA_900074715,1
GCF_002079055,1
GCA_020499935,1
GCF_028828085,1
GCA_035931885,1
GCA_027945235,1
GCA_003339455,1
GCF_002865645,1
GCA_024244615,1
GCA_001298375,1
GCA_000325965,1
GCA_001700775,1
GCA_019924295,1
GCA_011066465,1
GCA_020617725,3
GCA_911175135,1
GCF_030347475,1
GCA_010015785,1
GCF_022478825,1
GCA_025331435,2
GCA_021066465,1
GCA_001466575,1
GCA_027577995,4
GCA_028974015,1
GCF_020647795,1
GCA_014904985,0
GCA_000599445,1
GCA_027604625,3
GCA_022813845,1
GCA_036320685,1
GCA_011057905,1
GCA_020570345,1
GCA_026585705,1
GCA_023848595,1
GCA_020499815,1
GCA_006536045,3
GCA_020499775,1
GCA_027578255,4
GCA_010724915,1
GCA_024195585,1
GCA_949124665,1
GCA_035928205,1
GCA_024761945,1
GCA_019924995,1
GCA_027578795,4
GCA_000985935,1
GCA_030061595,1
GCA_038362765,1
GCA_030504495,0
GCA_026023805,1
GCA_027602705,3
GCA_004918335,0
GCA_021399465,1
GCA_032988895,1
GCA_000769215,1
GCA_030060675,1
GCF_028858645,1
GCA_002938355,0
GCF_010093595,1
GCA_027577715,4
GCA_000260075,1
GCA_000389695,1
GCA_030039255,0
GCA_015529505,2
GCA_000166155,1
GCA_000190255,1
GCA_949123835,1
GCA_030036415,1
GCF_003144205,0
GCA_009732865,1
GCA_025688805,1
GCA_000836335,0
GCA_021498335,1
GCA_020503015,1
GCA_002222465,0
GCA_019633555,0
GCA_011066575,1
GCA_003033665,1
GCA_028827235,1
GCA_022432365,1
GCA_003704585,1
GCA_020569505,1
GCA_001605315,0
GCA_003589665,1
GCA_038362965,1
GCA_000977925,1
GCA_028025565,1
GCA_022495175,1
GCA_029990825,1
GCA_020580905,1
GCA_022984935,1
GCA_020500605,1
GCA_905219655,0
GCA_000976815,1
GCA_003947045,1
GCA_037075405,1
GCF_038497785,1
GCA_020571265,1
GCA_030412055,1
GCA_019924355,1
GCA_022664585,1
GCF_000185945,0
GCA_024703685,1
GCF_013085055,1
GCA_900079185,2
GCA_004155035,1
GCA_015501065,0
GCA_025677815,2
GCA_008080495,1
GCA_030270365,1
GCA_022605405,0
GCA_039795395,1
GCA_004917495,1
GCF_035927965,1
GCA_001661315,1
GCA_000320605,0
GCF_000320565,1
GCA_000875795,0
GCA_027886465,0
GCA_012656215,1
GCA_002102555,5
GCA_911639145,1
GCA_002008015,1
GCF_042370625,1
GCA_020499115,1
GCA_019207595,1
GCA_043170715,1
GCA_018360855,1
GCA_003957675,1
GCA_024761515,1
GCA_022813885,1
GCA_911175155,1
GCA_030247915,1
GCA_021399455,0
GCA_002846915,1
GCA_911174935,1
GCA_000978345,1
GCA_041438085,0
GCA_016097735,2
GCA_027578195,4
GCA_025677805,2
GCA_905332025,1
GCA_033439705,1
GCF_000820605,1
GCA_010093895,1
GCF_003144295,0
GCA_020502425,1
GCA_022385685,1
GCA_020499255,1
GCF_035658355,0
GCA_012295545,1
GCA_002705745,4
GCA_002104945,3
GCA_003704675,1
GCA_002215705,0
GCA_020503375,1
GCA_022495235,1
GCA_019925035,1
GCA_037954225,0
GCA_010093945,1
GCA_910591825,2
GCA_022829055,1
GCA_943733655,1
GCA_026054675,1
GCA_020502385,1
GCA_014281905,1
GCA_024761095,1
GCA_010724135,1
GCA_000975735,1
GCA_019925215,1
GCA_029378385,0
GCA_030267825,1
GCA_027579505,4
GCF_010015585,1
GCA_000442885,1
GCA_949124765,1
GCF_009556855,1
GCA_019924485,1
GCA_023168115,1
GCA_020747065,1
GCF_000146045,1
GCA_030867245,1
GCA_020502455,1
GCA_009428365,0
GCA_020617195,3
GCA_002759435,1
GCA_020502705,1
GCA_027886735,0
GCA_020579855,1
GCA_024762045,1
GCA_000260495,1
GCA_000829775,1
GCA_001713645,1
GCA_024867555,1
GCA_011763955,2
GCA_031205075,1
GCA_018360225,1
GCA_025528865,2
GCA_911175145,1
GCA_039105305,1
GCF_036810415,0
GCA_014461125,0
GCA_027627215,1
GCF_000187425,1
GCA_015039465,0
GCA_022814155,1
GCA_000975585,1
GCA_002222375,0
GCA_009805785,1
GCA_028856445,1
GCA_905068135,0
GCA_028829675,1
GCA_000710275,1
GCF_001761485,1
GCA_020573285,1
GCA_949124545,1
GCA_028026945,1
GCA_003073295,0
GCA_949124225,1
GCA_949125365,1
GCA_027923685,1
GCF_004154835,1
GCF_011074865,1
GCA_001630345,0
GCA_002240705,1
GCA_038497385,1
GCF_002072235,1
GCF_000149205,1
GCF_022829205,1
GCF_021901695,0
GCA_000002525,1
GCA_000365165,1
GCA_027600665,3
GCA_011952145,2
GCA_011763915,2
GCA_021399475,1
GCA_030553335,1
GCA_020570045,1
GCA_021365345,1
GCA_009663055,1
GCA_041121715,1
GCA_002591385,1
GCA_020499885,1
GCA_019633455,0
GCA_949125335,1
GCA_004917925,0
GCA_015849335,2
GCA_025330725,2
GCA_040126065,1
GCA_033575675,1
GCF_020509005,1
GCA_024704685,1
GCA_905359475,1
GCA_020576185,1
GCA_000568005,1
GCA_949122005,1
GCA_020581165,1
GCA_004917975,0
GCA_014839855,1
GCA_019924415,1
GCA_000184455,1
GCA_019924395,1
GCA_014462675,0
GCA_000616965,1
GCA_035928005,1
GCA_030867325,1
GCF_010724455,1
GCA_001513925,1
GCA_019206965,1
GCA_023065375,1
GCF_026229845,1
GCA_004918505,1
GCA_020502045,1
GCA_027917365,0
GCA_002221985,0
GCA_015039435,0
GCA_002222095,0
GCF_001641265,1
GCA_040256855,1
GCA_037074995,1
GCA_004156035,1
GCA_009805715,1
GCA_004917865,0
GCA_947243795,1
GCA_026955015,3
GCA_000349305,0
GCA_000146915,1
GCA_045517165,1
GCA_027577455,4
GCA_000966595,1
GCA_910591945,2
GCF_016906535,0
GCA_032988205,1
GCA_019207965,1
GCA_949122065,1
GCA_022695765,1
GCA_001713695,1
GCA_000832345,0
GCF_000512585,0
GCA_020501635,1
GCA_023065655,1
GCA_001651435,1
GCA_000230395,1
GCA_020503265,1
GCA_019924825,1
GCA_013365075,1
GCA_041121695,1
GCA_023646395,1
GCF_003290485,0
GCA_022814085,1
GCA_002456175,1
GCF_038362585,1
GCA_024704305,1
GCA_027946515,1
GCA_900322975,0
GCA_011762635,2
GCA_019677325,0
GCA_022814175,1
GCA_020744155,1
GCF_010111755,1
GCA_027577255,4
GCA_027575425,4
GCA_003344705,1
GCA_043170745,1
GCF_003184585,1
GCA_030036095,1
GCA_002804325,1
GCA_042257975,1
GCA_042826995,1
GCA_007735645,1
GCA_000976695,1
GCA_020580485,1
GCF_000150035,1
GCA_023748715,0
GCA_016097755,2
GCA_022813765,1
GCA_020502225,1
GCA_000507465,0
GCA_019632305,0
GCA_012932255,1
GCA_949124215,1
GCA_947370365,1
GCA_027917355,0
GCA_030267465,1
GCA_000340195,1
GCA_004917505,1
GCA_964197705,1
GCA_949124045,1
GCF_000835555,1
GCA_029542865,0
GCA_018360825,1
GCA_030028065,1
GCF_028828015,1
GCA_000150505,1
GCA_008931885,1
GCF_001636725,1
GCA_019787685,0
GCA_022830545,1
GCA_027577795,4
GCA_001972345,1
GCF_028829835,1
GCA_026319245,1
GCA_041956445,1
GCF_036884685,1
GCA_029618225,1
GCA_022478735,1
GCA_022225965,1
GCF_022578515,1
GCA_027579785,4
GCA_030062345,1
GCA_029203985,0
GCA_004917685,1
GCA_001662575,1
GCA_022813065,1
GCA_949124775,1
GCA_027575375,4
GCA_002007995,1
GCA_935541525,1
GCA_041438055,0
GCA_030867305,1
GCF_016647635,0
GCF_003369625,1
GCF_028826855,1
GCA_001050175,1
GCF_028827395,1
GCF_038381095,1
GCF_001619985,1
GCF_001298625,1
GCA_001747055,1
GCF_001883845,1
GCA_900087985,1
GCA_030036475,1
GCA_022836575,1
GCA_025766305,4
GCA_027945555,1
GCA_001636675,1
GCA_040143875,1
GCA_040367835,2
GCA_001633055,1
GCA_029449355,1
GCA_011801335,2
GCA_030462695,0
GCA_947370025,1
GCA_023141145,1
GCA_015484465,0
GCA_020502005,1
GCA_000269885,1
GCA_023646635,1
GCA_024704575,1
GCA_000002515,1
GCA_027578335,4
GCA_007026445,0
GCA_900010015,1
GCA_038364125,1
GCA_905332055,1
GCA_041956655,1
GCA_036320775,1
GCA_020568095,1
GCA_015025155,0
GCA_000786625,1
GCA_000346795,1
GCF_000512605,0
GCA_004917105,1
GCA_023601865,1
GCA_000976125,1
GCA_903819455,1
GCA_027886635,0
GCA_041956615,1
GCA_035928505,1
GCA_014764975,1
GCA_036428645,0
GCA_949125775,1
GCA_019633595,0
GCA_000723665,2
GCF_900067095,1
GCA_024721195,0
GCA_019207435,1
GCA_026025805,1
GCA_003615165,1
GCA_018360275,1
GCA_900169345,1
GCA_004918075,0
GCA_038363885,1
GCA_016647755,0
GCA_000002945,1
GCA_000827495,0
GCA_900119595,1
GCA_009176405,1
GCA_027575675,4
GCA_020503205,1
GCA_020578315,1
GCA_949124925,1
GCA_030805415,0
GCA_027886315,0
GCA_003788595,1
GCA_022813615,1
GCA_964275045,1
GCA_024043135,1
GCA_015852375,2
GCF_014235925,1
GCA_028025245,1
GCA_963992775,0
GCA_905337355,1
GCA_025135345,1
GCA_000827185,0
GCF_012550715,1
GCA_023647215,1
GCA_027577575,4
GCF_012971845,1
GCF_020906515,0
GCA_020080175,1
GCA_000827335,0
GCA_020578375,1
GCA_024704335,1
GCA_035928665,1
GCA_038364195,1
GCA_030036295,1
GCA_003676015,1
GCA_021014935,0
GCA_036010245,1
GCA_004918915,0
GCA_947243785,1
GCF_003426965,1
GCA_002008065,1
GCF_029532465,1
GCA_027946445,1
GCA_035927145,1
GCA_018360185,1
GCA_000338975,1
GCA_900096685,1
GCF_001640025,1
GCF_001447935,1
GCA_006352295,0
GCA_020503065,1
GCA_030036195,1
GCA_911639275,1
GCA_949124605,1
GCA_905071745,0
GCA_004918405,0
GCA_020744375,1
GCA_040142945,1
GCA_027577075,4
GCA_020501735,1
GCA_900242695,0
GCA_001541205,0
GCA_000784615,1
GCA_033296705,1
GCA_015584075,0
GCF_001661395,1
GCA_027578355,4
GCF_000488995,0
GCA_025677895,2
GCA_000976035,1
GCA_003231355,1
GCA_024521645,1
GCF_029542925,0
GCA_035928285,1
GCA_019788775,2
GCA_004918345,0
GCF_026873545,1
GCA_015179015,0
GCA_001636715,1
GCA_000190195,1
GCA_004918645,0
GCA_027579345,4
GCA_000003525,1
GCA_020500775,1
GCA_020499475,1
GCA_030142185,1
GCA_015502445,2
GCA_035930065,1
GCF_026319265,1
GCA_020575775,1
GCA_027577395,4
GCA_035928245,1
GCA_000143105,1
GCA_022478725,1
GCF_000585565,1
GCA_963924425,1
GCA_027578235,4
GCA_010099065,1
GCA_030247885,1
GCA_000835745,0
GCA_003547095,2
GCF_009176365,1
GCA_020499415,1
GCA_911174925,1
GCA_022832995,0
GCF_042100115,1
GCF_001720195,0
GCA_027578835,4
GCA_028827515,1
GCA_019702505,1
GCA_022831865,1
GCA_009650685,0
GCA_025765595,3
GCA_001673695,1
GCA_020746835,1
GCF_024291825,1
GCA_964263705,1
GCA_004918245,1
GCA_029378245,0
GCA_002591405,1
GCA_001023045,1
GCA_046865755,2
GCA_004155915,1
GCF_947243775,1
GCA_037255895,1
GCA_003290285,1
GCA_025869495,0
GCA_000956045,1
GCA_027596945,3
GCA_030512335,1
GCF_903064755,1
GCA_002007945,1
GCF_003013735,1
GCF_014066315,1
GCA_027603065,3
GCA_024761295,1
GCA_027579435,0
GCA_028828865,1
GCF_018924745,0
GCA_019925055,1
GCA_905219605,0
GCA_004916875,1
GCA_020499595,1
GCA_030036135,1
GCA_911456345,1
GCF_001661235,1
GCF_045866475,1
GCA_030435615,0
GCA_000977025,1
GCA_001625265,1
GCA_020501475,1
GCA_024865645,1
GCF_044049455,1
GCA_019924315,1
GCA_018360595,1
GCA_004918015,0
GCA_013395995,1
GCA_004917555,1
GCA_032433605,1
GCA_011952175,2
GCA_949610685,1
GCA_001578235,1
GCF_000338955,1
GCA_000976275,1
GCF_004355905,1
GCA_020503665,1
GCA_000976875,1
GCF_000149335,1
GCA_030036455,1
GCA_900231935,1
GCA_032988165,1
GCA_043234895,1
GCA_949124735,1
GCA_020503085,1
GCA_028858655,1
GCF_038497795,1
GCA_018360325,1
GCA_030462685,0
GCF_000002715,1
GCA_024663475,0
GCA_035926085,1
GCA_016758985,2
GCA_020499675,1
GCA_022830915,1
GCA_030061015,1
GCA_022385585,1
GCA_947370665,1
GCA_027596845,3
GCA_018902385,1
GCA_911174895,1
GCA_019633465,0
GCA_949123935,1
GCA_011066585,1
GCA_027577275,4
GCA_001703955,1
GCA_000938895,2
GCA_020503735,1
GCA_001563125,1
GCA_022788515,1
GCA_003144605,1
GCA_022831895,1
GCA_020580085,1
GCA_020501045,1
GCA_024761605,1
GCA_021019025,1
GCA_900044135,1
GCF_003344945,1
GCA_015679535,2
GCA_040142855,1
GCA_947370255,1
GCA_020744115,1
GCA_002083745,2
GCA_910591765,2
GCA_029320655,0
GCA_028826875,1
GCA_900096595,0
GCA_027627345,1
GCA_904859935,0
GCA_003704385,1
GCA_004786205,1
GCA_019207175,1
GCA_000170175,1
GCA_023748825,0
GCA_041956735,1
GCA_020536175,1
GCF_023758065,1
GCA_016584205,0
GCA_023646655,1
GCA_017309865,1
GCA_020500655,1
GCA_013368375,0
GCA_004931855,1
GCF_001625195,1
GCF_028827695,1
GCF_013461495,1
GCA_000320585,0
GCF_003019875,1
GCA_000750805,1
GCA_022830445,1
GCF_000721775,1
GCA_027577035,4
GCA_020500695,1
GCA_001191645,0
GCA_030267605,1
GCA_030036035,1
GCA_001664025,1
GCA_002812745,1
GCA_003046715,1
GCF_000582985,1
GCA_954870535,1
GCF_000313525,0
GCA_019207315,1
GCF_000170995,1
GCA_038497925,1
GCA_000976485,1
GCA_009498055,1
GCA_020617735,3
GCA_022160315,0
GCA_002938375,0
GCA_015852425,2
GCA_018360075,1
GCA_030867255,1
GCF_023758015,1
GCA_021018975,1
GCA_003946985,1
GCA_003813205,0
GCA_002382855,1
GCF_002708625,2
GCA_020569495,1
GCA_900235035,1
GCA_027578575,4
GCA_022830155,1
GCF_000150735,1
GCA_019924185,1
GCA_000512565,0
GCA_016767475,0
GCF_001889945,1
GCA_025999795,1
GCA_005059845,1
GCA_011801815,2
GCF_004000055,1
GCA_030267685,1
GCA_025890175,1
GCA_004786145,1
GCA_002222245,0
GCA_029948375,1
GCA_020502545,1
GCA_013305805,1
GCA_027577215,4
GCF_015533775,1
GCA_949125415,1
GCA_024762025,1
GCF_000150115,1
GCA_020503795,1
GCF_025201355,2
GCA_000976335,1
GCA_024760945,1
GCA_003426235,1
GCA_027575625,4
GCA_032988185,1
GCA_030036495,1
GCA_022963135,0
GCA_020502095,1
GCA_014904935,0
GCA_020501615,1
GCA_003012105,1
GCA_001286725,0
GCA_030247845,1
GCF_001890725,1
GCA_000697685,0
GCA_009428345,0
GCA_004786275,1
GCA_009193505,1
GCA_000218975,1
GCA_020501705,1
GCA_003614695,1
GCA_002222155,0
GCA_020499185,1
GCA_001602395,1
GCA_020502025,1
GCA_009982855,1
GCA_022578505,1
GCA_000975705,1
GCA_949124235,1
GCA_022160275,0
GCA_029618205,1
GCA_001692735,1
GCA_013368295,0
GCF_021436955,1
GCF_036417295,0
GCA_903819205,1
GCA_000977325,1
GCA_900162835,0
GCA_037126485,1
GCA_963924415,1
GCA_004337975,1
GCF_014898295,1
GCA_002894205,1
GCA_020501265,1
GCA_000977835,1
GCA_022813805,1
GCA_027575875,4
GCA_035932095,1
GCA_000774085,1
GCA_905071765,0
GCA_013396185,1
GCA_022578865,1
GCA_026025795,1
GCA_900073065,1
GCA_014461115,0
GCA_020797225,1
GCA_022160335,0
GCA_900491785,1
GCA_022627135,1
GCF_021365365,1
GCA_019632275,0
GCA_019201745,0
GCA_949124865,1
GCA_020574755,1
GCA_038025095,1
GCF_022495145,1
GCA_001645045,0
GCA_949124275,1
GCF_027942845,1
GCA_022627105,1
GCA_021365335,1
GCA_019924195,1
GCA_023091205,1
GCF_003025115,1
GCA_020744185,2
GCA_030035975,1
GCA_030267585,1
GCA_027575385,4
GCA_020573605,1
GCA_024761555,1
GCA_027595885,3
GCA_016695475,0
GCA_003231425,1
GCA_037039515,1
GCA_002980475,1
GCA_022984845,1
GCA_949124375,1
GCA_020499125,1
GCA_022495195,1
GCA_004786225,1
GCA_029990125,1
GCA_038497415,1
GCF_001661405,1
GCA_002818225,0
GCA_000697665,0
GCF_014898435,1
GCF_008694065,1
GCA_001646985,1
GCA_018360865,1
GCA_020572345,1
GCA_002072365,1
GCA_000182175,1
GCA_002317995,1
GCF_000349305,0
GCA_029289555,0
GCA_002120335,1
GCA_000773725,1
GCA_004155945,1
GCA_023646365,1
GCF_010093935,1
GCA_946151405,1
GCA_011947485,1
GCA_009932835,1
GCA_018360355,1
GCA_022837075,1
GCA_020573725,1
GCA_037176845,0
GCA_005406105,1
GCA_001661325,1
GCA_035931935,1
GCA_029542945,0
GCA_949125245,1
GCA_020502245,1
GCA_911174845,1
GCA_030553175,1
GCA_014607435,1
GCA_000696135,1
GCA_028827385,1
GCA_000988875,0
GCF_033870435,1
GCA_000975825,1
GCA_013053245,0
GCA_026054635,1
GCA_023137835,1
GCA_004522665,1
GCA_000875815,0
GCA_001402995,1
GCA_027578155,4
GCA_022813825,1
GCA_025169535,0
GCA_029991225,1
GCA_000150055,1
GCA_900102585,0
GCA_024244595,1
GCA_016097925,2
GCF_038362705,1
GCF_000218685,0
GCA_001970865,4
GCF_002105095,1
GCA_025201675,2
GCA_022578875,1
GCA_018360445,1
GCA_024244255,1
GCA_013423425,1
GCA_001644535,1
GCA_009193565,1
GCA_903819175,1
GCF_000240135,1
GCA_000239835,1
GCA_911197175,1
GCA_010724255,1
GCA_000977535,1
GCF_014490615,1
GCA_016952355,1
GCA_010093635,1
GCA_020500765,1
GCA_009017415,1
GCA_009613015,1
GCA_004154765,1
GCA_004918575,1
GCA_020500065,1
GCA_000978135,1
GCF_023522795,1
GCA_018855395,0
GCF_001651985,1
GCA_001749795,1
GCA_026914245,0
GCA_003367865,1
GCA_022831415,1
GCA_014117485,1
GCA_900074765,1
GCA_020571295,1
GCA_023645975,1
GCA_002591415,1
GCA_020536115,1
GCA_022831535,1
GCA_000976065,1
GCA_027604065,3
GCA_024761565,1
GCA_014176185,1
GCA_022813945,1
GCA_003086715,4
GCA_027595895,1
GCA_022376275,1
GCA_000978255,1
GCF_020623625,1
GCF_003184865,1
GCA_004154845,1
GCA_027478445,4
GCA_000149815,1
GCA_000474925,1
GCA_902141235,1
GCA_040142975,1
GCA_000814955,1
GCA_038051245,1
GCA_003615075,1
GCA_949124335,1
GCA_022832115,1
GCA_002865655,1
GCA_022831625,1
GCA_020450235,1
GCA_019207405,1
GCA_020498895,1
GCA_020499155,1
GCA_000183025,0
GCA_032988195,1
GCA_020573915,1
GCF_024610255,1
GCA_020498765,1
GCA_022963115,0
GCF_007821495,1
GCA_001563115,1
GCA_002222135,0
GCF_000182805,1
GCF_010093625,1
GCA_027578415,4
GCA_011068445,1
GCA_013201865,1
GCA_020501495,1
GCA_016584345,0
GCF_000836335,0
GCA_029282125,0
GCA_024761475,1
GCA_002215745,0
GCA_027577115,4
GCA_038497405,1
GCA_020501885,1
GCA_020310465,0
GCA_000976095,1
GCA_022385765,0
GCF_009193445,1
GCF_019669845,1
GCA_030407015,0
GCA_023134385,1
GCF_036327395,1
GCA_905219625,0
GCA_015680625,2
GCF_023168085,1
GCA_027886345,0
GCA_015847225,2
GCA_002261195,2
GCA_018360835,1
GCA_011745625,1
GCA_900312665,1
GCF_000400465,0
GCA_027924085,1
GCA_037954465,1
GCA_013390205,1
GCF_001642055,1
GCA_033439685,1
GCA_001953115,4
GCA_020726535,1
GCF_000150505,1
GCA_004918625,0
GCA_014898425,1
GCF_002847045,1
GCA_023134235,1
GCA_002220045,0
GCA_024516215,1
GCA_014281915,1
GCA_001593125,2
GCA_947370175,1
GCA_004918105,1
GCA_003367945,1
GCF_028829755,1
GCA_041438175,0
GCF_000293215,0
GCA_020503555,1
GCF_000145635,1
GCA_010405375,1
GCA_000750995,1
GCA_004679265,0
GCA_020568465,1
GCA_030913515,1
GCA_003615215,1
GCA_001632375,0
GCA_002573605,1
GCA_000784495,1
GCA_012656335,1
GCA_004014815,1
GCA_000784575,1
GCA_000750665,1
GCA_949125125,1
GCA_028011355,0
GCA_000512605,0
GCF_000223485,1
GCA_000731615,1
GCA_014904895,0
GCA_033119285,1
GCA_020501805,1
GCF_000385595,1
GCA_027923985,1
GCA_023138005,1
GCF_000585515,1
GCA_020569145,1
GCA_010093695,1
GCA_011801495,2
GCA_020501835,1
GCA_027604165,3
GCA_010093485,1
GCA_020498745,1
GCA_013781345,1
GCA_001566745,4
GCA_013201745,1
GCA_001630335,0
GCA_015679585,2
GCA_001006355,1
GCA_949121605,1
GCA_028828285,1
GCA_040167795,1
GCA_004369135,0
GCA_024761495,1
GCA_014298035,1
GCA_019669825,1
GCA_022830665,1
GCA_018360685,1
GCA_012656295,1
GCA_020580115,1
GCA_001651445,1
GCA_026184415,1
GCA_000315645,1
GCF_000835475,1
GCA_032760415,1
GCA_000616765,1
GCF_000187405,1
GCA_029852705,0
GCA_001975905,1
GCA_949610825,1
GCA_022814355,1
GCA_035928065,1
GCA_911175285,1
GCA_020501355,1
GCA_000827205,0
GCA_030549205,1
GCA_023920165,1
GCA_028028135,1
GCA_020499265,1
GCA_020617715,3
GCA_949124805,1
GCF_000149385,0
GCF_900044065,1
GCA_038051015,1
GCF_001896365,1
GCA_947370145,1
GCA_000259975,1
GCA_949124835,1
GCA_905220315,1
GCF_000338995,1
GCA_020740775,1
GCA_009193665,1
GCF_020744495,1
GCA_020503635,1
GCA_030553295,1
GCA_020502165,1
GCA_911197305,1
GCA_020501465,1
GCA_020574345,1
GCA_027945335,1
GCA_028826765,1
GCA_010093745,1
GCA_911175315,1
GCF_018416015,1
GCA_022963125,0
GCA_000977115,1
GCA_041956455,1
GCA_023138445,1
GCA_020502235,1
GCA_025526955,3
GCA_036250225,1
GCA_003184635,1
GCA_949125285,1
GCF_000002855,1
GCA_021235465,2
GCA_020501325,1
GCA_010356995,1
GCF_028828655,1
GCA_030719095,1
GCA_000785585,1
GCA_023065525,1
GCA_020501185,1
GCA_947370505,1
GCA_007825345,1
GCA_041956415,1
GCA_004917135,1
GCA_000977445,1
GCA_029990765,1
GCA_015657495,0
GCA_021307315,1
GCA_022832045,1
GCA_022814235,1
GCF_020744385,1
GCA_029226625,1
GCA_015502485,2
GCA_035930305,1
GCA_027578455,4
GCA_033171785,1
GCA_003698115,1
GCF_001642045,1
GCF_000227115,1
GCF_000209165,1
GCA_020502105,1
GCF_000721755,1
GCA_000149245,0
GCA_000977955,1
GCA_020499825,1
GCA_028827855,1
GCA_020045945,1
GCA_029990475,1
GCA_045785085,1
GCA_900106125,1
GCA_024760935,1
GCA_014904975,0
GCA_002022785,1
GCA_027575745,4
GCA_038497805,1
GCA_023065685,1
GCA_002251995,1
GCA_029618185,1
GCA_030060715,1
GCA_030407055,0
GCA_029281405,0
GCA_018360675,1
GCA_022813995,1
GCA_018360385,1
GCA_020500555,1
GCA_949123945,1
GCA_027576915,4
GCA_002892995,1
GCA_038087015,0
GCA_020796175,1
GCA_024761195,1
GCA_022376465,0
GCA_035930105,1
GCA_027578995,4
GCA_027575765,4
GCA_019924425,1
GCF_000027005,1
GCA_011763875,2
GCA_020573315,1
GCA_022376545,0
GCA_964022755,1
GCA_011763585,2
GCA_024291795,1
GCA_019207455,1
GCA_012184355,1
GCA_004917665,1
GCA_022830305,1
GCA_020503345,1
GCA_025201375,2
GCA_020503725,1
GCA_002933655,1
GCA_022593225,1
GCA_000976995,1
GCA_022432375,1
GCA_019616325,0
GCF_003144195,0
GCF_009771025,1
GCA_002222115,0
GCA_020572945,1
GCA_041956555,0
GCA_020500235,1
GCA_011801575,2
GCA_035927265,1
GCA_900096625,1
GCF_013390195,1
GCF_004022145,1
GCA_963921895,1
GCA_019207995,1
GCA_020501115,1
GCA_900073075,1
GCA_035930425,1
GCA_024761615,1
GCA_000750895,1
GCF_013426205,1
GCA_028564845,1
GCA_020579835,1
GCA_036872715,1
GCF_028827675,1
GCA_020568325,1
GCF_017499595,0
GCA_011032825,1
GCA_027945535,1
GCA_020578085,1
GCA_001692895,1
GCA_031326905,0
GCA_025786725,4
GCA_020503305,1
GCA_022544805,1
GCA_011800955,2
GCA_027576975,4
GCA_949125895,1
GCA_947369885,1
GCA_020500085,1
GCA_042370635,1
GCA_038380855,1
GCA_028028335,1
GCA_022385825,0
GCA_030411865,1
GCA_022814045,1
GCA_001882365,0
GCA_000825725,2
GCA_042257785,1
GCA_020503445,1
GCA_020501075,1
GCA_035930125,1
GCA_905219545,0
GCA_963556695,1
GCA_000218725,0
GCA_030549215,1
GCA_033458375,1
GCA_000976185,1
GCA_012656395,1
GCA_022829795,1
GCA_022750515,2
GCA_018296285,1
GCA_003990745,2
GCA_003012315,1
GCA_011764055,2
GCF_001907595,1
GCA_003325415,2
GCA_024761635,1
GCA_022533605,1
GCF_028828765,1
GCA_025327155,1
GCA_020498875,1
GCA_022376535,1
GCA_027923745,1
GCA_014217725,1
GCA_000978015,1
GCF_000149035,1
GCA_020576365,1
GCF_003327735,1
GCA_015342405,0
GCA_020571965,1
GCA_016584265,1
GCA_963924265,1
GCA_027578075,4
GCA_029990845,1
GCA_023137965,1
GCF_003144245,0
GCA_003171515,1
GCF_000392275,1
GCA_015849325,2
GCA_949610715,1
GCA_007821475,1
GCA_000988865,1
GCA_027578695,4
GCA_000344705,1
GCA_020503815,1
GCA_039778275,1
GCA_022496195,0
GCF_028828005,1
GCA_000976425,1
GCA_000002545,1
GCF_025766255,2
GCA_033439775,1
GCA_949124105,1
GCA_014904845,1
GCA_024761965,1
GCA_025602915,5
GCF_028828465,1
GCA_004918515,0
GCA_046056315,1
GCA_021018615,0
GCA_000320785,0
GCA_016098045,2
GCA_027946455,1
GCA_022814215,1
GCA_002215825,0
GCA_037102615,1
GCA_009498095,1
GCA_015499985,2
GCA_024762005,1
GCA_017315405,1
GCA_000182805,1
GCF_042370955,1
GCF_002102565,0
GCA_911174865,1
GCA_014462655,0
GCA_022831835,1
GCF_028827165,1
GCA_027578435,4
GCA_035927305,1
GCA_900029915,1
GCA_900242705,0
GCA_003056605,1
GCA_001006345,1
GCA_018360085,1
GCA_022830995,1
GCA_020501235,1
GCA_028827535,1
GCA_024516155,1
GCA_020500395,1
GCA_020500025,1
GCA_003698175,1
GCA_036783925,3
GCA_027557585,1
GCA_022832055,1
GCF_000711695,0
GCA_002222215,0
GCA_018894095,1
GCA_949124245,1
GCA_022832175,1
GCF_033439665,1
GCA_045784725,1
GCA_022829115,1
GCA_016097525,1
GCA_020573325,1
GCA_000350345,1
GCA_025435555,3
GCA_030061585,1
GCA_003704645,1
GCA_018360055,1
GCA_001632435,0
GCA_900208305,0
GCF_000203795,3
GCA_947370275,1
GCA_024761455,1
GCA_033297215,1
GCF_028827405,1
GCA_028828505,1
GCA_029990435,1
GCA_022832145,1
GCA_911197245,1
GCA_020572955,1
GCA_013396165,1
GCA_016647645,0
GCA_018994105,1
GCA_000977475,1
GCA_018282005,0
GCA_015584085,0
GCA_000977085,1
GCA_900000135,2
GCA_000945115,2
GCA_023065465,1
GCF_023601865,1
GCA_905071755,0
GCA_022831925,1
GCA_030407005,0
GCA_011801035,2
GCF_004353045,1
GCA_003444635,1
GCA_043229185,1
GCA_028026245,1
GCA_002215855,0
GCA_002219195,1
GCA_042464655,1
GCF_003184835,1
GCA_023758005,1
GCA_043157545,1
GCA_011066795,1
GCA_027923665,1
GCA_027576935,4
GCA_009498115,1
GCA_009728645,1
GCA_014905575,1
GCA_000715385,0
GCA_016758965,2
GCF_010094145,1
GCA_949124095,1
GCA_031213615,1
GCA_018360525,1
GCA_022831325,1
GCA_002222015,0
GCF_006535985,3
GCA_030036115,1
GCF_022264815,0
GCA_030411855,1
GCA_027575695,4
GCF_000003855,1
GCA_029233265,0
GCA_000875855,0
GCA_012656115,1
GCA_027577515,4
GCA_009650675,1
GCA_037954315,1
GCF_003184625,1
GCA_001445615,1
GCA_029532415,0
GCF_001561935,1
GCA_001984395,1
GCA_001661425,1
GCA_022695795,1
GCA_008520325,0
GCA_015679645,2
GCF_000835515,1
GCF_014066305,1
GCA_023376865,1
GCA_025134795,1
GCA_018296325,1
GCA_900074725,1
GCA_004917615,1
GCA_027604665,3
GCA_000975675,1
GCA_011947395,1
GCA_000956085,1
GCA_949124685,1
GCA_964022795,1
GCA_022829945,1
GCA_000739165,2
GCA_018854895,0
GCA_003144125,0
GCA_025327145,1
GCA_000981605,1
GCA_033725935,1
GCA_011058885,1
GCA_020502715,1
GCA_040142865,1
GCA_027579115,4
GCF_002251995,1
GCF_000409485,1
GCF_000835755,0
GCA_002276285,1
GCA_015179045,1
GCA_900096615,1
GCF_000708205,0
GCA_002222255,0
GCA_022225985,1
GCA_004369175,0
GCA_035926905,1
GCA_900248155,1
GCA_036674765,1
GCA_001692915,1
GCA_033296885,1
GCA_963923935,1
GCA_004369065,0
GCA_024195185,0
GCA_018360345,1
GCA_017639365,1
GCA_000260195,1
GCA_000934385,0
GCA_002006685,3
GCF_000149955,1
GCA_010093925,1
GCF_000271625,0
GCA_041121405,1
GCA_020503295,1
GCA_026025825,1
GCA_008636195,1
GCA_002003505,1
GCA_000193285,1
GCA_022829835,1
GCA_018360655,1
GCA_000227075,1
GCA_010015805,1
GCA_004918155,0
GCF_004011695,1
GCA_027578555,4
GCA_000750935,1
GCA_011022315,1
GCA_014898555,1
GCA_020500785,1
GCA_947370305,1
GCA_020502675,1
GCA_000313795,1
GCA_949124205,1
GCA_012184305,1
GCF_028827145,1
GCA_033296915,1
GCA_023141275,1
GCF_000320785,0
GCA_020503105,1
GCA_019633495,0
GCA_025331925,1
GCA_013364965,1
GCF_036872675,1
GCA_004798825,1
GCA_023091085,1
GCA_911174875,1
GCF_000585535,1
GCA_000977655,1
GCA_017357885,1
GCA_002215885,0
GCA_043647315,1
GCA_028023995,1
GCA_900660285,1
GCA_013396255,1
GCA_020502625,1
GCF_000303195,1
GCA_000448365,1
GCA_023137765,1
GCA_024761535,1
GCA_015484485,0
GCF_034447905,1
GCF_036884675,1
GCA_015178925,0
GCA_015341985,0
GCA_023645955,1
GCA_023375755,1
GCA_019632285,0
GCA_949124895,1
GCA_020499505,1
GCA_000977745,1
GCA_001630375,1
GCA_041121685,1
GCA_026026785,1
GCA_022831085,1
GCA_001913855,0
GCA_015039365,0
GCA_001879275,1
GCA_018360565,1
GCA_013266185,1
GCA_030462675,0
GCA_020499565,1
GCF_003184745,1
GCA_030512325,1
GCA_020736575,1
GCA_004786265,1
GCF_000151125,1
GCA_029282285,0
GCF_000149305,2
GCA_002007985,1
GCA_027886695,0
GCA_019096155,1
GCA_035927125,1
GCA_020501175,1
GCA_001661245,1
GCA_002234955,1
GCA_041956725,1
GCA_020575645,1
GCA_022578765,1
GCA_042258205,1
GCA_000691885,1
GCA_021399445,1
GCA_027478835,4
GCF_002847485,1
GCF_000417875,0
GCA_020580655,1
GCA_002216725,0
GCA_035928485,1
GCA_020499755,1
GCA_022578855,1
GCA_020572645,1
GCA_021642125,1
GCA_025769875,0
GCA_014621435,1
GCF_020736505,1
GCA_020500815,1
GCA_024613165,0
GCA_002749805,1
GCA_023758145,1
GCA_020503095,1
GCA_000773825,1
GCA_027603645,3
GCA_004786245,1
GCA_024761435,1
GCA_024761035,1
GCF_041956765,1
GCA_003704375,1
GCA_011763995,2
GCA_032884055,1
GCA_011763795,2
GCA_020580305,1
GCA_911174885,1
GCA_011800875,0
GCA_004917445,1
GCA_002234985,1
GCA_020570935,1
GCA_024760995,1
GCF_022497035,1
GCA_015500155,2
GCA_902077795,1
GCA_028828255,1
GCF_900074925,1
GCA_011801725,2
GCA_023748765,0
GCA_020569485,1
GCA_029542825,0
GCA_004346965,1
GCA_021525005,0
GCA_029991515,1
GCF_020744475,1
GCA_030036015,1
GCF_000814945,1
GCA_022179045,1
GCA_003614725,6
GCA_020747015,1
GCA_022830185,1
GCA_000150675,1
GCA_015679415,2
GCA_027579235,4
GCF_000516985,1
GCF_035048745,2
GCA_001683735,0
GCA_022497155,1
GCF_001189475,1
GCA_025349905,5
GCA_027579645,4
GCF_038497935,1
GCA_030061355,1
GCA_016758935,2
GCA_020499495,1
GCA_030142925,1
GCA_025201745,1
GCF_002926085,1
GCA_018360535,1
GCA_000320565,1
GCA_019633405,0
GCA_949124475,1
GCF_028827155,1
GCA_027917475,0
GCA_019671135,2
GCA_949124055,1
GCA_018360145,1
GCA_018360845,1
GCA_000568365,1
GCA_038362935,1
GCA_001078395,1
GCA_013365065,1
GCA_033630735,1
GCA_011763735,2
GCA_003012295,1
GCA_000616865,1
GCA_015502505,2
GCA_022830095,1
GCA_020575285,1
GCA_027627305,1
GCF_001329695,0
GCA_020502215,1
GCA_003184685,1
GCA_029990725,1
GCA_027924005,1
GCA_024244195,1
GCA_022598655,0
GCA_023134415,1
GCA_027945515,1
GCA_020571885,1
GCA_016647685,0
GCA_026319135,1
GCF_030867605,1
GCA_020503895,1
GCA_949124485,1
GCF_000576695,1
GCA_026319225,1
GCA_004918725,0
GCA_013201875,1
GCA_026023835,1
GCA_019925775,1
GCA_018360745,1
GCA_038050555,1
GCA_003182015,1
GCA_001292635,1
GCA_016098105,2
GCA_045784785,1
GCA_019924615,1
GCA_000227095,1
GCA_017310615,1
GCA_026027315,1
GCA_022606055,0
GCA_020581155,1
GCA_029704095,3
GCA_035928625,1
GCA_020744175,0
GCA_002220445,0
GCA_019565615,1
GCA_027919855,0
GCA_029990885,1
GCA_949124825,1
GCA_004369045,0
GCF_001662655,1
GCA_021436925,1
GCA_903853725,1
GCA_023141115,1
GCA_022830965,1
GCA_027596075,3
GCA_017607575,0
GCA_020573765,1
GCA_024761915,1
GCA_023141515,1
GCA_027578935,4
GCA_023134475,1
GCA_004918215,1
GCA_024195555,1
GCA_027945305,1
GCA_020501345,1
GCA_910592005,2
GCF_001661345,1
GCA_001029325,1
GCA_030060985,1
GCA_903989565,1
GCA_947370195,1
GCA_030035955,1
GCA_028829745,1
GCA_000769735,1
GCA_026026355,1
GCA_028826995,1
GCA_028974045,1
GCA_022836595,1
GCA_911456365,1
GCA_001275765,1
GCA_020503885,1
GCA_000616985,1
GCA_911174915,1
GCA_012980515,1
GCA_000365145,1
GCA_000149895,1
GCA_029618305,1
GCA_003709845,1
GCA_029618175,1
GCA_027921405,0
GCA_001572075,1
GCA_004917625,1
GCA_004141715,1
GCA_019924555,1
GCA_023134355,1
GCA_002222165,0
GCF_028827545,1
GCA_949124135,1
GCA_002573585,1
GCA_022831265,1
GCA_020570405,1
GCA_001662585,1
GCA_001466565,1
GCF_019650295,1
GCA_025328355,1
GCA_004307905,0
GCA_020502615,1
GCA_018360065,1
GCA_949121915,1
GCA_011058895,1
GCA_026054615,1
GCA_035930245,1
GCA_004154755,1
GCF_041956525,2
GCA_022830745,1
GCA_022831295,1
GCA_022385715,1
GCA_949124565,1
GCA_949125665,1
GCA_905071725,0
GCA_036971675,1
GCA_949124785,1
GCF_010094035,1
GCA_044048685,1
GCA_019633565,0
GCA_029281465,0
GCA_002105055,0
GCA_001858085,1
GCA_011392555,1
GCA_001466635,1
GCA_030553385,1
GCA_022432395,1
GCA_905071785,0
GCA_023134445,1
GCA_004918655,0
GCA_949122505,1
GCA_014049495,1
GCA_020503905,1
GCA_020575105,1
GCA_022814105,1
GCA_022831105,1
GCA_042370755,1
GCF_028827035,1
GCA_022830905,1
GCA_033630665,1
GCA_046718465,0
GCF_000835455,1
GCA_010724635,1
GCA_015501055,0
GCF_013396195,1
GCF_000721765,1
GCA_009193545,1
GCA_020501105,1
GCA_026023795,1
GCA_027575305,4
GCA_002222405,0
GCA_038021125,1
GCA_004917165,1
GCA_025201785,1
GCA_000326105,1
GCF_003184525,1
GCA_020499585,1
GCA_041956545,1
GCA_020502995,1
GCA_002120315,1
GCF_000226395,1
GCA_026585715,1
GCF_033297395,1
GCA_020797185,1
GCA_016098035,2
GCF_001417885,1
GCA_027604705,5
GCA_949125275,1
GCA_911197205,1
GCA_024761375,1
GCA_019207505,1
GCF_013402915,1
GCA_041438095,0
GCA_025526915,3
GCA_002077065,1
GCA_020580425,1
GCF_000260195,1
GCA_002222225,0
GCA_030028025,1
GCF_000527765,1
GCA_030553445,1
GCA_014839625,1
GCA_029990665,1
GCA_001645055,0
GCA_010093985,1
GCA_903987035,1
GCA_023137865,1
GCF_037102585,1
GCA_022831385,1
GCA_900096705,1
GCA_004917375,1
GCA_021272945,1
GCA_030036075,1
GCA_029747585,0
GCA_900096605,1
GCA_029606385,1
GCA_010093825,1
GCA_014839865,2
GCA_017607465,1
GCA_001720245,0
GCA_003709825,1
GCF_023343755,1
GCF_001642475,1
GCF_003184545,1
GCA_004918165,1
GCA_002120305,1
GCA_020500385,1
GCA_900290415,1
GCA_000784525,1
GCA_002222475,0
GCA_020501425,1
GCA_004917185,1
GCA_004918805,0
GCA_020578205,1
GCA_027577845,4
GCA_003795315,1
GCA_020579845,1
GCF_001792695,1
GCA_003205855,1
GCA_016628085,0
GCA_035927325,1
GCA_003316975,1
GCA_004918925,0
GCA_018296085,0
GCA_911197295,1
GCA_000190235,1
GCF_000151355,1
GCA_004917485,1
GCA_004918605,0
GCA_000150085,1
GCA_004918895,0
GCA_020581045,1
GCF_000187245,1
GCA_000166175,0
GCA_900120095,0
GCA_002222025,0
GCA_029991455,1
GCA_000978315,1
GCA_000976845,1
GCA_020500905,1
GCA_013201755,1
GCA_024761655,1
GCA_027577615,4
GCA_905072865,0
GCA_020797325,1
GCA_020499075,1
GCF_001653235,1
GCA_034268455,1
GCF_028827525,1
GCA_000775445,1
GCA_911175295,1
GCA_019925005,1
GCA_012980535,0
GCA_020502605,1
GCA_000773735,1
GCA_000750735,1
GCA_041438045,0
GCA_029531795,1
GCA_000976545,1
GCA_000976005,1
GCA_016801405,1
GCA_023065415,1
GCA_004332605,0
GCA_020569945,1
GCA_027945525,1
GCA_030036375,1
GCA_036971725,1
GCF_000523455,1
GCA_020647705,1
GCA_949124955,1
GCA_019973155,0
GCA_022478745,1
GCA_045514765,1
GCA_020503915,1
GCA_027577055,4
GCA_000835755,0
GCA_020499225,1
GCF_024613125,0
GCA_000616805,1
GCA_947370445,1
GCF_000223465,1
GCA_014905825,0
GCA_028827255,1
GCA_032991405,1
GCA_022606275,0
GCA_016946835,3
GCA_019207825,1
GCA_030553495,1
GCA_028027435,1
GCA_020574115,1
GCA_045866225,0
GCA_033119265,1
GCA_001625285,1
GCA_024761275,1
GCF_000320585,0
GCA_949124145,1
GCA_963924405,1
GCA_004786065,1
GCA_000410735,1
GCA_030869315,1
GCA_018360175,1
GCA_029990515,1
GCA_023645815,1
GCA_026023815,1
GCA_027575525,4
GCA_000426985,1
GCA_001466685,1
GCA_001883805,1
GCA_025201345,2
GCA_014925825,0
GCA_022496955,1
GCA_010093585,1
GCA_020503465,1
GCA_001691835,0
GCA_022829975,1
GCA_003946995,1
GCA_949123795,1
GCA_911174995,1
GCF_000091025,1
GCA_010015605,1
GCA_911175165,1
GCA_900162805,1
GCA_000827255,0
GCA_001048715,1
GCA_003709865,1
GCA_047301645,0
GCF_028829455,1
GCF_025331425,2
GCA_000697645,0
GCF_019049425,1
GCA_905337325,1
GCF_000315915,1
GCA_949122135,1
GCA_020797355,1
GCA_949124635,1
GCA_019632265,0
GCA_038363915,1
GCA_020080795,1
GCA_030035895,1
GCA_022578685,1
GCF_030411735,1
GCA_018296305,1
GCA_015179025,1
GCA_002352725,1
GCA_030052785,1
GCA_012656225,1
GCA_035926115,1
GCA_033297205,1
GCA_019924715,1
GCA_027627275,0
GCA_022496205,0
GCA_949124945,1
GCA_018257855,1
GCF_038497815,1
GCF_037950935,1
GCA_000002715,1
GCA_027577595,4
GCA_026686785,0
GCA_902155815,1
GCA_025330735,2
GCF_022376445,0
GCA_004918415,0
GCA_003234015,0
GCA_003704355,1
GCA_002215775,0
GCA_015852495,2
GCA_000151005,1
GCA_030062295,1
GCF_000300575,0
GCA_029990865,1
GCA_002104975,3
GCA_001687445,0
GCA_002946415,1
GCA_004011705,1
GCA_000503235,1
GCF_002105155,2
GCA_004109745,1
GCA_025169555,0
GCA_008692205,1
GCA_012184655,1
GCA_949124505,1
GCF_003184825,1
GCF_000003525,1
GCA_022788405,1
GCA_027579385,4
GCA_018397855,0
GCA_016858165,1
GCA_027596035,3
GCA_000344655,0
GCA_021432615,1
GCA_025327125,1
GCA_022570805,1
GCA_018296345,1
GCA_000827415,0
GCF_000349385,1
GCA_027577535,4
GCA_000827315,0
GCA_020736525,1
GCA_025688815,1
GCA_025504975,1
GCA_000151595,1
GCA_035931915,1
GCA_001574975,3
GCA_022813905,1
GCA_949124075,1
GCA_047150385,1
GCA_001636735,1
GCA_000855695,0
GCA_019206915,1
GCF_033847375,1
GCA_003704595,1
GCA_030035875,1
GCA_905066765,1
GCA_018360215,1
GCA_020500285,1
GCA_024703715,1
GCA_023137795,1
GCA_947370785,1
GCA_004917225,1
GCA_004918535,1
GCA_024322255,0
GCA_038497425,1
GCA_013396295,1
GCA_004768795,1
GCA_011801055,2
GCA_004918305,0
GCA_020450195,1
GCA_033297175,1
GCA_045999785,1
GCA_019627755,0
GCA_911174985,1
GCA_024336345,1
GCA_043234845,1
GCA_037074415,1
GCA_019623665,0
GCF_000747765,0
GCA_017309895,1
GCA_040167805,1
GCA_022578845,1
GCA_900312805,1
GCA_020499685,1
GCA_019207415,1
GCA_038181435,1
GCA_001636745,1
GCA_019207185,1
GCA_004918145,1
GCA_020501445,1
GCA_009728655,1
GCA_905359465,1
GCA_003615115,1
GCA_027923785,1
GCA_024704275,1
GCA_947370715,1
GCA_027945395,1
GCA_016735825,1
GCA_024761885,1
GCF_035222375,1
GCA_901677965,1
GCA_022539325,1
GCA_020744415,1
GCA_911197405,1
GCA_920106075,1
GCA_004011775,1
GCA_016098015,2
GCF_001890105,1
GCA_022578665,1
GCA_036872695,1
GCA_011950945,2
GCA_029289565,0
GCF_000149555,1
GCA_024761105,1
GCA_029990645,1
GCF_000769745,1
GCA_020570975,1
GCA_022712995,1
GCA_024244225,1
GCA_020500935,1
GCA_035926105,1
GCA_000836455,0
GCA_000687475,1
GCA_019924775,1
GCA_040144005,1
GCF_023278565,1
GCA_022385655,1
GCA_001638985,2
GCA_002893025,1
GCA_035521475,0
GCA_949124875,1
GCF_020744135,1
GCA_024704145,1
GCA_032878545,1
GCA_000835765,0
GCA_027577295,4
GCA_030864325,0
GCA_949124645,1
GCA_038381115,1
GCA_009176375,1
GCA_022578495,1
GCA_030061365,1
GCA_030685235,1
GCA_035928445,1
GCA_002204255,1
GCA_000976515,1
GCA_027579625,4
GCA_035931835,1
GCA_000512585,0
GCA_020797205,1
GCA_010094045,1
GCA_027604005,3
GCA_028639655,1
GCF_004337985,1
GCA_001632355,0
GCA_027923885,1
GCF_947241705,1
GCA_014904905,1
GCA_009806415,1
GCA_010356925,1
GCF_000836295,1
GCA_000525045,1
GCF_014595645,1
GCA_019924115,1
GCA_010724795,1
GCA_015680655,2
GCA_947670415,1
GCA_027579015,4
GCA_038497535,1
GCA_002871155,1
GCA_020501535,1
GCF_000600275,1
GCA_022495125,1
GCA_001263375,0
GCF_000002545,1
GCA_037176885,0
GCF_000328475,0
GCF_907166805,1
GCF_024628925,1
GCA_000977055,1
GCA_905219575,0
GCA_019924175,1
GCA_020500305,1
GCF_000226095,1
GCA_001481415,0
GCA_038362655,1
GCA_905219595,0
GCA_004918665,0
GCA_022831955,1
GCA_025201705,2
GCA_035926155,1
GCA_000976455,1
GCF_011947395,1
GCA_020744455,1
GCA_949124615,1
GCF_000181695,0
GCA_023134515,1
GCA_027578495,4
GCA_016584165,1
GCA_014188975,0
GCA_035926955,1
GCA_036674775,1
GCA_020091625,0
GCF_000354255,1
GCA_000976725,1
GCA_020500535,1
GCA_000950595,2
GCA_015679605,2
GCA_000978045,1
GCA_022788435,1
GCA_024516245,1
GCA_018906765,1
GCA_020499355,1
GCA_903819115,1
GCA_003704575,1
GCA_042464665,1
GCA_021399435,1
GCA_013368325,0
GCA_022570775,1
GCA_000976905,1
GCA_022225945,1
GCA_019924275,1
GCA_030061385,1
GCA_949124845,1
GCF_016758755,0
GCA_025328345,1
GCA_007990605,0
GCA_037075025,1
GCA_015179035,1
GCA_015956445,0
GCA_030867225,1
GCF_000814965,1
GCA_016618355,0
GCA_001563135,1
GCA_004917725,1
GCA_020572305,1
GCA_018360045,1
GCA_000286035,0
GCA_004918315,0
GCA_000517465,0
GCA_020501405,1
GCA_949123255,1
GCA_002016555,1
GCF_000264905,0
GCA_949124725,1
GCA_003704615,1
GCA_027577675,4
GCA_000182765,1
GCA_020574055,1
GCA_033296875,1
GCA_023137675,1
GCA_035196915,1
GCA_004918745,0
GCF_011075155,1
GCA_016906325,1
GCF_002926055,1
GCA_026023555,1
GCA_021436965,1
GCA_022813865,1
GCA_002873125,0
GCA_000695385,0
GCA_035040045,1
GCA_029991755,1
GCF_016767815,1
GCF_000403515,0
GCA_019207635,1
GCA_020578265,1
GCA_020572635,1
GCA_022495115,1
GCA_019924735,1
GCA_001417835,1
GCA_023141315,1
GCA_001937105,1
GCA_011066715,1
GCA_028751425,1
GCA_021525025,0
GCA_020499605,1
GCA_030512305,1
GCA_024704475,1
GCF_001720155,0
GCA_019207235,1
GCA_025201865,4
GCA_016800925,0
GCF_030864355,0
GCA_003013715,1
GCF_022578975,1
GCA_024761335,1
GCA_020567955,1
GCA_006536005,3
GCA_036320675,1
GCA_033576145,1
GCA_014596635,1
GCA_023091265,1
GCA_014621375,1
GCA_019924905,1
GCA_001278495,1
GCA_033439765,1
GCA_005059855,1
GCA_022598625,0
GCF_000142805,1
GCA_027604745,3
GCA_000975645,1
GCA_028826785,1
GCA_037039555,1
GCA_905071705,0
GCA_003344505,1
GCA_905219645,0
GCA_027577635,4
GCA_022788445,1
GCA_014132375,1
GCA_905359485,1
GCA_026023695,1
GCA_020746995,1
GCF_035222485,1
GCA_040209185,2
GCA_019623675,0
GCA_010724575,1
GCA_000151525,0
GCA_015832175,1
GCA_004918455,0
GCA_911197385,1
GCA_019207325,1
GCF_027946475,1
GCA_020570525,1
GCA_019616975,0
GCA_028028305,1
GCA_016809505,1
GCA_029991315,1
GCA_020572395,1
GCA_023138675,1
GCF_030867785,1
GCA_002105175,2
GCA_019924265,1
GCA_029168975,1
GCA_000978075,1
GCF_016647625,0
GCA_020499245,1
GCA_024703665,1
GCA_018360605,1
GCF_003025105,1
GCA_021029105,0
GCA_004367935,1
GCA_023645835,1
GCA_900184105,1
GCA_022830515,1
GCA_024114885,1
GCA_033439745,1
GCA_020573595,1
GCA_015852415,2
GCA_024761845,1
GCA_911175025,1
GCA_017607445,1
GCF_000441935,1
GCA_024862975,1
GCA_028827645,1
GCA_000260235,1
GCF_000149985,1
GCA_011764185,2
GCA_030435655,0
GCA_044048675,1
GCA_024244165,1
GCA_002222395,0
GCA_013396025,1
GCA_015951145,0
GCA_911197225,1
GCA_020499805,1
GCA_911693285,1
GCA_030435635,0
GCA_035928255,1
GCA_018360925,1
GCA_000836375,0
GCA_021525775,0
GCA_026319145,1
GCA_012977835,1
GCA_018360255,1
GCF_001661335,1
GCA_020503745,1
GCA_020500965,1
GCA_911175205,1
GCA_947370435,1
GCA_001305275,1
GCF_024610275,1
GCA_029990745,1
GCA_000975975,1
GCA_014281935,1
GCA_013201925,1
GCA_004917895,0
GCA_023509805,1
GCA_022495085,1
GCA_000978285,1
GCA_000976575,1
GCA_014235955,1
GCA_009372015,1
GCA_009193525,1
GCA_964058965,1
GCA_002938385,0
GCA_011074885,1
GCA_020499975,1
GCA_038025125,1
GCA_911174955,1
GCA_000187245,1
GCA_030864445,0
GCA_027946495,1
GCA_012182655,1
GCA_035927975,1
GCA_025769895,0
GCA_000975915,1
GCA_027575445,4
GCA_020500975,1
GCA_028828735,1
GCF_900079805,1
GCF_000230375,1
GCF_023758025,1
GCA_949124195,1
GCA_004367215,1
GCA_019207125,1
GCA_028984885,1
GCA_029449255,0
GCA_001306435,1
GCA_020573495,1
GCA_013201795,1
GCA_023645885,1
GCF_028502605,1
GCA_004918835,0
GCA_002222325,0
GCA_004154925,1
GCA_900096505,1
GCA_000934395,0
GCA_028828675,1
GCA_020503185,1
GCA_905219565,0
GCA_010015655,1
GCA_030035835,1
GCA_003615185,1
GCF_016861625,1
GCA_027577745,4
GCA_000764455,1
GCA_020500475,1
GCA_020744355,1
GCA_027886325,0
GCA_002222385,0
GCF_001638985,2
GCA_947370345,1
GCA_015844325,1
GCA_949123125,1
GCA_024663435,0
GCA_022814295,1
GCA_029542985,0
GCF_003184925,1
GCA_000784695,1
GCF_041956645,1
GCA_019207605,1
GCF_000182565,3
GCA_027578655,4
GCA_900096695,1
GCA_003790465,1
GCA_013138035,1
GCA_000975795,1
GCF_011745625,1
GCA_022836615,1
GCA_020736565,0
GCA_949357655,1
GCA_903819145,1
GCF_010015815,1
GCA_900006135,1
GCA_009663115,1
GCA_003947015,1
GCA_023508725,0
GCA_027604185,3
GCA_002008095,1
GCA_005930515,1
GCA_004154915,1
GCA_020498865,1
GCA_004802665,0
GCF_013036055,1
GCA_024760975,1
GCA_027579325,4
GCA_029990685,1
GCA_029448575,0
GCA_027578395,4
GCA_028828875,1
GCA_010015705,1
GCA_020744335,1
GCA_021029095,0
GCA_949124295,1
GCA_029989385,1
GCF_016097325,1
GCA_001272575,1
GCA_013423385,0
GCA_000149955,1
GCF_033296635,1
GCA_000622995,1
GCA_022539335,1
GCA_027596175,3
GCA_017309875,1
GCA_027579155,4
GCA_004355085,0
GCA_000978165,1
GCF_001548555,1
GCA_022114955,1
GCA_016098025,2
GCA_001632425,0
GCA_025677835,2
GCA_911639135,1
GCA_022432505,1
GCA_027596135,3
GCA_009498075,1
GCA_030864415,0
GCA_014235935,1
GCA_019623705,0
GCF_000271745,1
GCA_020574145,1
GCA_022831565,1
GCA_002234965,1
GCA_022831025,1
GCA_020577805,1
GCA_016584175,1
GCA_000507485,0
GCA_949123545,1
GCA_028827015,1
GCA_003086735,4
GCA_036173025,1
GCA_011066605,1
GCF_028828555,1
GCA_027946375,1
GCA_900149145,0
GCA_027577475,4
GCA_000836255,1
GCA_018360935,1
GCA_004918995,0
GCA_002224005,0
GCA_002105065,0
GCA_910592205,2
GCF_044049435,1
GCA_028026005,1
GCA_004918025,0
GCA_001515345,1
GCA_000149365,1
GCA_030035935,1
GCA_030061855,1
GCF_000182965,1
GCF_000585585,1
GCA_002760635,0
GCF_028827895,1
GCA_021525015,0
GCA_020500215,1
GCA_027577775,4
GCF_019207475,1
GCA_025528855,0
GCA_000350255,0
GCA_028024505,1
GCA_004154975,1
GCA_010093795,1
GCA_002105135,2
GCA_027579355,4
GCF_000149845,1
GCA_001572055,1
GCA_025605225,1
GCA_023134325,1
GCA_002276475,1
GCA_021018955,1
GCA_904859945,1
GCA_026745475,1
GCA_029991605,1
GCA_028827005,1
GCA_022695825,1
GCA_003942215,0
GCA_015847235,2
GCF_038497685,1
GCA_029618275,1
GCF_000149645,1
GCA_002873275,0
GCA_018360765,1
GCA_026023565,1
GCA_004155895,1
GCF_038497915,1
GCA_900074755,1
GCA_027578615,4
GCA_015679495,2
GCA_041121415,1
GCA_038497525,1
GCA_020746845,0
GCA_949124305,1
GCA_019633425,0
GCA_002104935,2
GCA_002865625,1
GCA_014154955,1
GCA_029991075,1
GCA_949124495,1
GCA_030512295,1
GCF_028827825,1
GCA_023141155,1
GCA_002104895,3
GCF_000167675,1
GCA_030052745,1
GCA_036872635,1
GCA_020500875,1
GCA_033296975,1
GCA_030061005,1
GCF_000151335,1
GCA_023137995,1
GCA_019924655,1
GCA_022432385,1
GCA_032988465,1
GCA_014049455,1
GCA_029990945,1
GCA_004802705,0
GCA_000412225,1
GCA_019425555,1
GCF_041146345,1
GCA_000616785,1
GCF_000271605,0
GCA_964035595,0
GCA_001243155,0
GCA_013396175,1
GCA_000827215,0
GCA_000259595,1
GCA_014281895,1
GCA_019207735,1
GCA_020578615,1
GCA_002443215,1
GCF_035928015,1
GCF_041956635,1
GCA_000775455,1
GCA_002222315,0
GCA_023645855,1
GCA_036244875,0
GCA_023138615,1
GCA_005298045,0
GCA_023376855,1
GCA_036872755,1
GCA_019924675,1
GCA_024752415,1
GCA_013396005,1
GCA_000798715,1
GCA_027575465,4
GCA_022814025,1
GCA_901677955,1
GCA_030411845,1
GCA_000976365,1
GCA_000497085,1
GCA_030553475,1
GCA_011066905,1
GCA_020578515,1
GCA_034509285,0
GCA_000750795,1
GCA_004918325,0
GCA_025327165,1
GCA_024704025,1
GCA_903819495,1
GCF_020744255,1
GCA_020501985,1
GCA_022495055,1
GCA_020503195,1
GCA_029990315,1
GCA_015679485,2
GCA_029990805,1
GCF_041956535,2
GCA_949122415,1
GCF_000275845,0
GCA_029990335,1
GCA_035521515,0
GCA_002092935,0
GCA_007825325,1
GCA_027923625,1
GCA_004369055,0
GCA_016906575,0
GCA_003367965,1
GCA_015500005,2
GCA_027575545,4
GCA_020557385,1
GCA_033819885,0
GCA_028827225,1
GCA_041121705,1
GCA_000750755,1
GCA_003025155,1
GCA_023141165,1
GCA_029990705,1
GCA_020572205,1
GCA_000836355,0
GCA_022627115,1
GCA_003550305,2
GCA_002127715,1
GCA_000299215,0
GCA_000769755,1
GCA_002901185,1
GCA_030347535,1
GCA_027578095,4
GCA_020502875,1
GCF_029542785,0
GCA_011801555,2
GCA_001890685,1
GCF_022605165,1
GCA_002900925,1
GCF_016758785,0
GCA_021527775,0
GCF_000304475,1
GCA_020580415,1
GCA_020568635,1
GCA_024364755,0
GCA_000349525,1
GCA_000976305,1
GCA_022984865,1
GCA_026008595,0
GCA_028028245,1
GCA_000977805,1
GCA_009193605,1
GCF_016647745,0
GCA_036872655,1
GCA_019677335,0
GCF_028826965,1
GCA_011763475,2
GCA_000151455,1
GCA_015502575,2
GCA_030708095,1
GCA_000975615,1
GCA_028828745,1
GCF_038497905,1
GCA_002895985,1
GCF_000344685,0
GCF_003184695,1
GCA_020501245,1
GCF_000149585,1
GCA_001661475,1
GCA_020501575,1
GCA_041956425,1
GCA_001023035,1
GCA_005059885,1
GCF_042764415,1
GCA_024761155,1
GCA_949124435,1
GCA_003367925,1
GCA_019924215,1
GCA_027578715,4
GCF_022702325,1
GCA_035930285,1
GCA_949124855,1
GCA_027578815,4
GCF_036370985,1
GCA_027579465,4
GCA_004917755,1
GCA_003086725,4
GCA_013201905,1
GCA_949124585,1
GCA_027577655,4
GCA_007182795,1
GCA_020503935,1
GCA_020503645,1
GCA_020574725,1
GCA_024761785,1
GCA_027577315,4
GCA_001466705,0
GCA_011067015,1
GCA_947369955,1
GCA_027578175,4
GCA_020501545,1
GCA_011066875,1
GCA_010093605,1
GCA_024704135,1
GCA_023141385,1
GCA_949124125,1
GCA_027946365,1
GCA_026210745,0
GCA_027578895,4
GCA_016695465,0
GCA_023141195,1
GCA_006542485,1
GCA_905337345,1
GCA_029203975,0
GCA_020578445,1
GCF_003357145,1
GCF_001720205,0
GCA_010015635,1
GCA_027577955,4
GCA_025399235,2
GCF_000219625,1
GCA_031006325,1
GCA_016748045,1
GCA_035928305,1
GCA_030462655,0
GCA_027627245,0
GCA_020102295,1
GCA_001023065,1
GCA_001632345,0
GCA_013368555,0
GCA_019633545,0
GCA_028026235,1
GCA_016097945,2
GCA_001189435,1
GCA_027946415,1
GCA_003367725,0
GCA_004154735,1
GCA_038362815,1
GCF_000184455,1
GCA_020500485,1
GCA_030062325,1
GCA_018360205,1
GCA_004918635,0
GCA_026025075,1
GCA_041121675,1
GCA_020502525,1
GCA_019924025,1
GCA_015529795,2
GCA_020797215,1
GCA_022578675,1
GCA_004117975,0
GCA_011066985,1
GCA_949124315,1
GCA_949125765,1
GCA_030247875,1
GCA_004918445,0
GCA_029991875,1
GCA_000976605,1
GCF_000523435,1
GCA_021018935,1
GCA_949125505,1
GCA_000784515,1
GCA_021556665,3
GCA_000814975,1
GCA_022813785,1
GCF_033458365,1
GCA_016758895,2
GCA_011392495,1
GCA_947369865,1
GCA_029991145,1
GCF_000151505,1
GCA_019206985,1
GCA_026026165,1
GCA_003614735,4
GCA_010203745,2
GCA_020502725,1
GCA_000965225,1
GCF_000001985,1
GCA_027945265,1
GCA_023138645,1
GCA_011058905,1
GCA_020503565,1
GCA_022831705,1
GCA_027577155,4
GCA_020503535,1
GCF_001078395,1
GCA_020575445,1
GCA_026023875,1
GCF_000003835,1
GCF_000143535,1
GCA_020500565,1
GCA_003788565,1
GCA_027579035,4
GCA_033220425,1
GCA_028011325,0
GCA_003795295,1
GCA_030867235,1
GCA_019925085,1
GCA_022578395,1
GCA_001683725,2
GCA_026914185,0
GCA_030061375,1
GCA_000230245,0
GCA_022606115,0
GCA_035932055,1
GCA_022627015,1
GCA_014065205,1
GCF_010093505,1
GCA_004920355,1
GCF_038497645,1
GCA_027578035,4
GCA_020503395,1
GCA_024863865,1
GCA_015852335,2
GCA_029282135,0
GCA_010094095,1
GCF_016861735,1
GCA_903819665,1
GCA_020726575,1
GCA_022813025,1
GCF_016647785,0
GCA_011066745,1
GCA_038497545,1
GCA_027627235,0
GCA_024704405,1
GCA_032989685,1
GCA_947370535,1
GCA_009193595,1
GCA_015529515,2
GCA_024195545,1
GCA_028011485,0
GCA_006535955,3
GCA_007821535,1
GCA_020726505,1
GCA_036418965,1
GCF_028009165,1
GCA_024704505,1
GCA_022831355,1
GCA_018994065,1
GCA_020502695,1
GCA_004917335,1
GCA_022830365,1
GCF_018340605,1
GCA_016858175,1
GCA_012182645,1
GCA_032206225,1
GCA_947370695,1
GCA_000181435,1
GCA_000773745,1
GCA_015484515,0
GCA_003691605,0
GCA_023141235,1
GCA_023646375,1
GCA_024761115,1
GCA_029990785,1
GCA_044049465,1
GCA_036287355,0
GCA_022830125,1
GCA_020498815,1
GCF_030913465,1
GCA_022627125,1
GCA_018360465,1
GCA_043643485,1
GCA_024741835,1
GCA_043640705,1
GCA_000513335,1
GCA_020502035,1
GCA_025766325,2
GCA_020575195,1
GCA_000530735,1
GCA_000003515,1
GCA_011763935,2
GCA_021845515,1
GCA_024761675,1
GCA_019207365,1
GCA_023701735,1
GCA_902702945,1
GCA_020568945,1
GCA_022606235,0
GCA_000004155,1
GCA_020571325,1
GCA_009728675,1
GCF_015039405,0
GCA_030036275,1
GCF_011745365,1
GCA_911175095,1
GCA_045785125,1
GCF_022478715,1
GCA_020502115,1
GCF_000150975,1
GCF_017655625,1
GCA_002222145,0
GCA_012656125,1
GCA_002287475,0
GCA_040143865,1
GCA_015847185,2
GCA_020744225,1
GCA_000952835,1
GCA_022830845,1
GCA_024704695,1
GCA_001857865,1
GCA_003097675,4
GCA_000507405,0
GCA_033117895,1
GCA_024761355,1
GCA_000977295,1
GCA_028827885,1
GCA_001720235,0
GCF_025528875,2
GCA_002443195,1
GCA_027596195,3
GCA_007993695,1
GCA_020569685,1
GCA_022578815,1
GCA_024703655,1
GCA_009299455,1
GCA_020536225,1
GCF_008629635,0
GCA_020500195,1
GCA_019207525,1
GCA_013416765,1
GCA_000827195,0
GCA_026023515,1
GCA_036320915,2
GCA_036429605,1
GCF_000464535,1
GCA_024663395,0
GCF_001027345,0
GCF_030869305,1
GCA_021524915,0
GCA_027945315,1
GCA_019207815,1
GCF_030435595,0
GCA_022432525,1
GCA_947370875,1
GCA_904859925,1
GCA_900099495,1
GCA_029603245,0
GCA_029990395,1
GCF_000225545,1
GCA_020570355,1
GCA_025766245,4
GCA_000784595,1
GCA_004307925,0
GCA_020744515,1
GCA_030142165,0
GCA_012934285,1
GCA_020572995,1
GCF_001664045,1
GCF_003184535,1
GCA_022385635,1
GCA_903819155,1
GCA_011074865,1
GCA_000697705,0
GCF_001481775,1
GCA_000813385,1
GCA_042257735,1
GCA_027946535,1
GCA_024663415,0
GCA_019157295,1
GCA_022829915,1
GCA_000150475,1
GCA_964022765,1
GCA_004155935,1
GCA_020500295,1
GCF_010015615,1
GCA_020500205,1
GCF_000298775,1
GCA_022606095,0
GCA_022830695,1
GCA_027919835,0
GCA_947369765,1
GCA_003367845,1
GCA_043234885,1
GCF_035610405,1
GCF_033439085,1
GCA_027578635,4
GCA_028826755,1
GCF_000271585,0
GCA_001854445,1
GCA_002215765,0
GCA_035135035,1
GCA_004917745,1
GCA_020800285,1
GCA_022497145,1
GCA_004917525,1
GCA_000935105,0
GCA_004917815,1
GCA_041381755,1
GCA_022376525,0
GCA_022432515,1
GCF_023758085,1
GCA_016772295,0
GCA_020736535,1
GCA_027604605,3
GCA_000150145,1
GCA_000976935,1
GCF_028827025,1
GCA_022180345,1
GCA_038497555,1
GCA_030035855,1
GCA_020568705,1
GCA_024195465,1
GCA_037962995,1
GCA_016584195,1
GCA_001245095,1
GCA_026025055,1
GCA_028828985,1
GCA_021432655,0
GCA_003369635,1
GCA_011764125,2
GCF_000687475,1
GCA_911175075,1
GCA_027478935,4
GCA_027575815,4
GCA_020503245,1
GCA_010405425,1
GCA_949124385,1
GCF_000026365,1
GCA_027577375,4
GCF_028827735,1
GCA_020571815,1
GCA_020575955,1
GCF_016758775,0
GCA_020502495,1
GCF_001983325,1
GCF_028828445,1
GCA_029990535,1
GCA_000784505,1
GCA_022830065,1
GCF_025094135,2
GCA_020503595,1
GCA_022830865,1
GCF_900007245,1
GCA_020500455,1
GCA_020574265,1
GCA_019924465,1
GCA_007168705,1
GCA_002219185,1
GCA_022831505,1
GCA_018360955,1
GCA_028024475,1
GCA_004156015,1
GCA_001855235,1
GCA_020503545,1
GCA_017366145,1
GCA_009663095,1
GCA_022544795,1
GCA_024761585,1
GCA_022830815,1
GCA_020570965,1
GCA_020500365,1
GCA_022829765,1
GCA_000149445,1
GCF_003316985,1
GCA_001983315,1
GCA_011801785,2
GCA_000835815,0
GCA_016584275,1
GCA_036427605,0
GCA_027578275,4
GCA_004156025,1
GCA_023159215,1
GCA_027577335,4
GCA_008692225,1
GCA_949124795,1
GCA_023137735,1
GCA_018855915,0
GCF_000968595,1
GCA_022160365,0
GCA_019207555,1
GCA_000622975,1
GCA_037044635,1
GCA_018857265,0
GCA_027942835,1
GCF_002954075,0
GCA_009769425,1
GCA_003339415,1
GCA_036872735,1
GCA_000171015,1
GCA_001696595,1
GCA_024704605,1
GCA_030036395,1
GCA_030553415,1
GCA_027604505,3
GCF_014133895,1
GCA_020500115,1
GCA_023748725,0
GCA_911174975,1
GCF_010093815,1
GCA_949123965,1
GCA_023159155,1
GCA_012959185,1
GCA_008355005,0
GCA_040104375,1
GCA_003231345,1
GCA_015852435,2
GCA_030036055,1
GCA_020891255,2
GCA_020577795,1
GCA_029990925,1
GCA_014898415,1
GCA_030270485,1
GCA_911174945,1
GCA_020499325,1
GCA_019923975,1
GCA_020884735,0
GCA_026954515,3
GCA_004918755,0
GCA_024761695,1
GCF_030867565,1
GCA_963921865,1
GCA_022830215,1
GCA_019207585,1
GCA_000784635,1
GCA_027579215,4
GCA_022264855,0
GCF_003711515,1
GCA_020575995,1
GCA_040366295,2
GCA_020501605,1
GCA_027578215,4
GCF_000184105,1
GCA_022578955,1
GCA_010093805,1
GCA_020578295,1
GCF_044167205,1
GCA_033296695,1
GCA_022376555,0
GCA_000773755,1
GCA_022598595,0
GCA_019627725,0
GCA_013305595,1
GCA_004379285,1
GCF_000006335,1
GCA_020500945,1
GCA_019633535,0
GCA_949125375,1
GCA_016097885,2
GCA_035926095,1
GCA_024704255,1
GCA_035927985,1
GCA_000149645,1
GCA_028828955,1
GCA_036971655,1
GCA_011951295,2
GCA_023510055,0
GCA_027577415,4
GCA_028828895,1
GCF_014466165,0
GCA_038367545,1
GCA_020572985,1
GCA_022788425,1
GCA_020577855,1
GCA_000616945,1
GCA_019208005,1
GCA_027578755,4
GCA_004918525,0
GCA_020746875,1
GCA_033439795,1
GCA_026055935,1
GCF_001500285,1
GCA_034269425,1
GCF_000151145,1
GCA_028027665,1
GCA_029991815,1
GCA_015502455,2
GCA_042604555,1
GCA_045820835,1
GCA_011762625,2
GCA_019924435,1
GCA_949124405,1
GCA_022606155,0
GCA_947369855,1
GCA_020570735,1
GCF_025433545,1
GCF_021015755,0
GCA_030685255,1
GCA_019207375,1
GCA_020498725,1
GCF_020137385,1
GCA_027627325,0
GCA_030292175,1
GCF_022376455,0
GCA_020501935,1
GCA_019627745,0
GCF_000732125,1
GCA_949125495,1
GCA_018360725,1
GCA_014925785,0
GCA_020500865,1
GCA_027577135,4
GCA_030020275,1
GCA_003675555,1
GCA_022814265,1
GCA_040209145,2
GCA_027579095,4
GCA_000765035,0
GCA_037954305,1
GCA_003184705,1
GCF_003724135,1
GCF_001890905,1
GCA_001723175,1
GCA_029542905,0
GCA_035927085,1
GCA_019206905,1
GCA_025266875,2
GCA_026054655,1
GCA_020500165,1
GCF_000359705,1
GCA_019207265,1
GCF_001278385,0
GCA_030062335,1
GCA_021556675,3
GCA_900322835,0
GCA_028828275,1
GCA_019332045,1
GCA_002893035,1
GCA_030036315,1
GCA_030267545,1
GCA_022829825,1
GCA_004917155,1
GCA_020500355,1
GCA_011066595,1
GCF_003144135,0
GCF_002104995,4
GCA_025328625,1
GCF_039654215,1
GCA_000977865,1
GCA_028829005,1
GCA_000968475,1
GCA_004918485,0
GCA_020570395,1
GCA_009428295,0
GCA_004155925,1
GCA_002571405,1
GCA_023646125,1
GCA_015039355,0
GCA_020578115,1
GCA_000977145,1
GCA_030270525,1
GCA_000775525,1
GCA_949125035,1
GCA_021014945,0
GCA_041956515,1
GCA_012184315,1
GCF_027921745,1
GCA_038381135,1
GCA_011801675,2
GCA_015039395,0
GCA_000312925,1
GCA_020570685,1
GCA_025603285,4
GCA_046718565,0
GCA_023242295,1
GCA_946408725,1
GCA_023137925,1
GCA_027575405,4
GCA_949124465,1
GCA_018360135,1
GCA_023137805,1
GCA_027579605,4
GCA_003184645,1
GCF_024610245,1
GCA_015342415,0
GCA_022376515,0
GCA_015679545,2
GCA_020503825,1
GCA_030036335,1
GCA_000315895,1
GCA_004522655,1
GCF_019456465,1
GCA_023138015,1
GCA_024761685,1
GCA_025330015,1
GCA_900180425,1
GCA_003268315,1
GCA_019454015,1
GCF_000512565,0
GCF_001632365,0
GCA_019924535,1
GCA_025234805,1
GCF_010094085,1
GCA_011066925,1
GCF_014636115,1
GCA_000977595,1
GCA_004681135,0
GCA_029378395,0
GCA_949610675,1
GCA_024516145,1
GCF_024043175,1
GCF_028828155,1
GCA_027579055,4
GCA_027945595,1
GCA_911174965,1
GCA_017499595,0
GCA_025766275,0
GCA_020499135,1
GCA_949125675,1
GCA_004917255,1
GCF_000836435,1
GCA_026319155,1
GCA_027575275,4
GCA_022829995,1
GCA_002222455,0
GCA_027577175,4
GCF_005498985,0
GCA_027601485,3
GCA_020580725,1
GCA_046452455,1
GCA_030060995,1
GCF_003013715,1
GCA_015849305,2
GCA_014904945,0
GCA_949123155,1
GCA_000750875,1
GCA_033847395,1
GCA_019207615,1
GCF_000151425,1
GCA_024244235,1
GCF_028827555,1
GCA_024761985,1
GCA_027578135,4
GCF_003184595,1
GCA_035930045,1
GCA_000773845,1
GCA_964022785,1
GCA_027946425,1
GCF_000150825,1
GCA_020579825,1
GCA_004917385,1
GCF_028974065,1
GCA_024704485,1
GCA_002894145,1
GCA_020501875,1
GCA_022578535,1
GCA_027578015,4
GCA_020572675,1
GCF_028829775,1
GCA_027917485,0
GCA_028826945,1
GCA_015039315,0
GCA_900096545,1
GCA_018907675,1
GCA_028828935,1
GCA_000827265,0
GCA_015179125,0
GCA_025201895,0
GCA_030926145,1
GCA_000975765,1
GCA_020580775,1
GCA_903819195,1
GCA_035928545,1
GCA_001708085,1
GCA_030267665,1
GCA_035930265,1
GCA_011066885,1
GCA_000827465,0
GCA_040142875,1
GCA_020569235,1
GCF_001661415,1
GCA_020631695,1
GCA_018857305,0
GCA_022578945,1
GCA_020499485,1
GCA_020574875,1
GCA_023065495,1
GCA_002116315,1
GCA_009428275,0
GCF_000182765,1
GCA_020503275,1
GCA_022496185,0
GCA_024244315,1
GCA_022830395,1
GCA_019627685,0
GCA_029542845,0
GCA_020510485,1
GCA_025449115,3
GCA_019207165,1
GCA_014925845,0
GCA_963921875,1
GCA_000977895,1
GCA_003704345,1
GCA_000213195,1
GCA_020574825,1
GCA_019207935,1
GCA_000977355,1
GCA_019157275,1
GCA_019616945,0
GCF_033439725,1
GCA_000732565,1
GCA_000591435,1
GCF_028827265,1
GCA_015849275,2
GCA_013305495,1
GCA_028828825,1
GCA_900323505,0
GCA_002286715,0
GCA_020575405,1
GCA_023510035,0
GCF_019202705,1
GCA_035932115,1
GCA_024703975,1
GCA_009498135,1
GCA_019924015,1
GCA_001970855,4
GCA_027579955,4
GCA_910890315,0
GCF_000006445,1
GCA_025331885,1
GCA_041154705,1
GCA_003231415,1
GCA_002920065,0
GCA_020501375,1
GCA_018296265,1
GCA_911150065,1
GCA_025677825,2
GCA_037952775,1
GCA_024704515,1
GCA_041438155,0
GCF_000146945,1
GCA_010015745,1
GCA_028654355,1
GCA_001008285,1
GCA_000977385,1
GCF_002237265,1
GCA_020499455,1
GCA_903819485,1
GCA_030035915,1
GCA_029990965,1
GCF_028828045,1
GCA_949123475,1
GCA_016097935,2
GCA_011764145,2
GCA_026027345,1
GCA_012184295,1
GCA_036320705,1
GCA_004366825,1
GCF_038363985,1
GCA_004919005,0
GCA_020500705,1
GCA_000507425,0
GCA_009176455,1
GCF_000149685,1
GCA_030553195,1
GCA_000818155,1
GCA_026954535,1
GCA_949124535,1
GCA_002554575,0
GCA_020499045,1
GCA_020498985,1
GCA_020501645,1
GCF_000348985,1
GCA_949124575,1
GCA_900074905,1
GCA_963921885,1
GCA_015832375,0
GCA_019207905,1
GCA_003947005,1
GCA_949124905,1
GCA_905219615,0
GCF_041260175,0
GCA_020502485,1
GCA_949124965,1
GCA_027575725,4
GCA_035926925,1
GCF_003184765,1
GCA_000976155,1
GCA_036428585,0
GCF_025024155,2
GCA_022830485,1
GCA_008692325,1
GCF_030913485,1
GCA_017355575,1
GCA_002120325,1
GCF_000004155,1
GCF_000002495,1
GCF_023757995,1
GCA_001678115,1
GCA_014784225,1
GCA_004917705,1
GCF_028828195,1
GCA_022385805,0
GCF_008704595,1
GCA_018360475,1
GCF_022496945,1
GCA_027923605,1
GCA_027604645,5
GCA_023141205,1
GCA_022578715,1
GCF_014898535,1
GCA_040822045,0
GCA_027578515,4
GCA_022578605,1
GCA_002166775,1
GCA_009193485,1
GCF_001653265,1
GCA_037213105,1
GCA_019924815,1
GCA_000691765,1
GCA_019669835,1
GCF_008065305,0
GCA_009733575,0
GCA_022813965,1
GCA_021535285,1
GCA_024244305,1
GCF_003942205,0
GCA_011503125,1
GCA_023065755,1
GCF_000149925,0
GCA_949124185,1
GCA_025531835,2
GCA_009728665,1
GCA_963585935,1
GCA_002215755,0
GCA_030462665,0
GCA_026319125,1
GCA_027577495,4
GCA_013266205,1
GCA_020500845,1
GCA_001691755,0
GCA_003325435,2
GCF_000236905,1
GCA_011763565,2
GCA_027946355,1
GCA_022453505,1
GCA_015679695,2
GCA_004009835,1
GCA_020499995,1
GCA_025094155,2
GCA_001466535,1
GCA_020574155,1
GCA_011801645,2
GCA_020501715,1
GCA_011058865,1
GCA_905071715,0
GCA_004918735,0
GCA_004802695,0
GCA_002105025,1
GCA_030036155,1
GCA_938049765,1
GCA_021432625,1
GCA_019721275,1
GCA_009769445,1
GCA_024195485,1
GCA_000616825,1
GCA_033807515,2
GCA_003574525,1
GCF_000149615,1
GCF_019434415,1
GCA_020500075,1
GCA_037672785,1
GCA_012959155,1
GCA_029282495,0
GCA_002072345,1
GCA_036320825,1
GCA_000241205,0
GCA_000446055,1
GCA_020580665,1
GCA_020574085,1
GCA_963923925,1
GCA_000750925,1
GCA_001658105,0
GCF_003851025,0
GCA_022578795,1
GCA_024704315,1
GCA_029991655,1
GCA_002220035,0
GCA_000770705,1
GCA_028024355,1
GCA_025594325,5
GCF_028974205,1
GCF_020726555,1
GCA_019616345,0
GCA_027575325,4
GCA_010093705,1
GCA_013365125,1
GCF_022830035,1
GCF_036850825,1
GCA_033296685,1
GCA_025433555,1
GCF_000497045,0
GCA_949125565,1
GCA_020568935,1
GCA_019207205,1
GCA_022578965,1
GCA_000750815,1
GCA_020570635,1
GCA_036426225,0
GCA_002234975,1
GCF_900519145,0
GCF_010015735,1
GCA_020580075,1
GCA_022385745,0
GCA_020499035,1
GCA_019632295,0
GCA_019633485,0
GCA_033807495,2
GCA_963921855,1
GCA_020571605,1
GCA_001682635,1
GCA_027602005,3
GCA_002922495,0
GCA_022788415,1
GCA_025716815,2
GCA_000568055,1
GCA_022831745,1
GCA_023141355,1
GCF_000143105,1
GCA_000238015,1
GCA_025433615,1
GCA_020498805,1
GCA_023646325,1
GCA_900096645,1
GCF_000204055,0
GCA_006535975,3
GCA_027575805,4
GCA_004917595,1
GCA_027886305,0
GCA_022749175,0
GCA_036852665,1
GCA_009014655,1
GCA_018360375,1
GCA_002072255,1
GCA_022830275,1
GCA_029204075,0
GCA_019924755,1
GCA_018906675,1
GCA_012656285,1
GCA_005406065,1
GCA_029281495,0
GCA_024704655,1
GCA_020574595,1
GCA_010093715,1
GCA_020500185,1
GCF_035222275,1
GCA_027595765,4
GCF_016628075,0
GCA_014925795,0
GCA_010093515,1
GCA_011763695,2
GCA_007866325,1
GCA_004917145,1
GCA_004155055,1
GCA_020502335,1
GCA_030411725,1
GCA_025329375,1
GCA_024704235,1
GCF_035927105,1
GCA_029990905,1
GCA_019924695,1
GCA_949124705,1
GCA_020500105,1
GCA_001708105,1
GCA_041146515,1
GCF_002742065,1
GCF_010093535,1
GCA_963989715,1
GCA_015502465,2
GCF_013340325,1
GCA_022478815,1
GCF_020360975,1
GCA_024704225,1
GCA_023168085,1
GCA_021436945,1
GCA_001373355,0
GCA_001746955,1
GCA_014176175,1
GCA_004917435,1
GCA_911175305,1
GCA_902728275,0
GCA_020575035,1
GCA_019677355,0
GCA_004786125,1
GCA_029378375,0
GCA_011066735,1
GCA_002893045,1
GCA_014065215,1
GCA_011066695,1
GCF_028829765,1
GCA_020578585,1
GCA_030413865,1
GCF_000292625,0
GCA_014235945,1
GCA_020499695,1
GCA_020500545,1
GCA_027600685,3
GCA_041438225,1
GCA_025433565,1
GCF_000182895,0
GCA_038380875,1
GCA_030553185,1
GCA_020578075,1
GCA_002104905,4
GCA_011763755,2
GCA_030708105,1
GCA_040760105,1
GCA_009428265,0
GCA_012656325,1
GCA_004918985,0
GCF_963989305,1
GCA_003073855,1
GCA_024761215,1
GCA_002920205,0
GCA_028827775,1
GCA_018360905,1
GCA_038497515,1
GCF_028828495,1
GCA_900537225,1
GCA_020574375,1
GCA_020499715,1
GCA_027577195,4
GCF_033473495,1
GCA_027574695,1
GCA_000975855,1
GCA_001006365,1
GCA_030267645,1
GCA_030553325,1
GCA_027923825,1
GCA_029218145,1
GCA_026026815,1
GCA_000469055,0
GCA_023646055,1
GCA_027886755,0
GCA_022831445,1
GCA_911175235,1
GCA_041438165,0
GCA_035931855,1
GCA_002894225,1
GCA_020573625,1
GCA_001890745,1
GCA_021365295,1
GCF_028827665,1
GCA_900074895,1
GCA_903819135,1
GCA_001511075,1
GCA_027579375,4
GCF_036810445,0
GCF_000150675,1
GCA_028828565,1
GCF_026319165,1
GCA_003788615,1
GCA_020501555,1
GCF_028974085,1
GCA_027596045,0
GCA_020501995,1
GCA_022606195,0
GCA_011763645,2
GCA_028024125,1
GCA_000977685,1
GCA_006535965,3
GCA_949124175,1
GCA_027578595,4
GCA_020569515,1
GCA_000401635,2
GCA_030512285,1
GCA_024704035,1
GCA_022578575,1
GCA_018994095,1
GCA_033675105,1
GCA_002838845,1
GCF_000149425,1
GCA_020747045,1
GCF_019609905,1
GCA_949125735,1
GCA_949124265,1
GCA_004917305,1
GCA_027577015,4
GCA_911649665,1
GCA_905219585,0
GCA_016584185,1
GCA_022814315,1
GCA_020572075,1
GCA_030039245,0
GCA_029747595,0
GCA_032173475,0
GCA_006981985,1
GCA_019364595,0
GCA_001600855,0
GCA_030553215,1
GCA_000975945,1
GCA_012184645,1
GCA_043234805,1
GCA_041154725,1
GCA_027578735,4
GCA_000151175,1
GCA_025201845,4
GCF_000365165,1
GCA_013396205,1
GCA_022376435,0
GCA_020509005,1
GCF_025399195,2
GCA_020570015,1
GCA_025558095,3
GCA_017639385,1
GCA_011801505,2
GCA_019207515,1
GCA_011763815,2
GCA_001636795,1
GCA_018282135,1
GCA_040207205,0
GCA_026026795,1
GCA_027923945,1
GCA_020568415,1
GCA_027578315,4
GCA_001691775,0
GCA_020498735,1
GCA_949121655,1
GCA_900007135,1
GCA_025558075,3
GCA_013266195,1
GCA_027577345,4
GCF_002775015,1
GCF_000315645,1
GCA_027945275,1
GCA_008065275,0
GCA_008522505,0
GCA_020574295,1
GCA_003615155,1
GCA_011763895,2
GCA_001263195,0
GCA_027945495,1
GCA_015501075,0
GCA_027595785,4
GCA_020499315,1
GCA_020502435,1
GCA_949123295,1
GCA_011764225,2
GCF_001890125,1
GCA_022829195,1
GCA_003260565,1
GCA_035135055,1
GCA_029618255,1
GCF_000003125,1
GCA_020500995,1
GCA_027578535,4
GCA_002926055,1
GCA_019332025,1
GCA_000835435,1
GCA_027577815,4
GCA_018858115,0
GCA_022830725,1
GCA_900519155,0
GCA_001636815,1
GCF_902498895,1
GCA_000827485,0
GCA_024184665,1
GCA_000350065,1
GCA_027603945,3
GCA_030039275,0
GCA_021901655,0
GCA_042370945,1
GCA_020568765,1
GCF_014461135,0
GCA_020498885,1
GCA_020573275,1
GCA_030462715,0
GCA_949123435,1
GCA_030061875,1
GCF_024043155,1
GCA_004369125,0
GCA_029618335,1
GCF_019207285,1
GCA_016097865,2
GCA_040142885,1
GCA_025399215,3
GCA_013396095,1
GCA_000616845,1
GCA_002926085,1
GCF_000150705,1
GCA_911456355,1
GCF_000263375,0
GCF_003054445,1
GCA_949124355,1
GCF_001723175,1
GCA_029378255,0
GCA_000732775,1
GCA_036810365,0
GCF_002117355,0
GCA_000507885,0
GCA_000975885,1
GCA_016097715,2
GCA_020500685,1
GCF_002849105,1
GCF_000230625,1
GCA_900536885,0
GCA_027946385,1
GCF_000319635,1
GCF_002847465,1
GCA_030267525,1
GCF_000315875,1
GCA_025327135,1
GCA_905220325,1
GCF_000149245,0
GCA_038362885,1
GCA_035928465,1
GCA_030247855,1
GCA_013421405,1
GCA_028751825,1
GCA_000143535,1
GCA_947369785,1
GCA_001638945,2
GCA_022578365,1
GCA_000978885,1
GCA_020501095,1
GCA_020499005,1
GCA_038381155,1
GCA_964022805,1
GCA_001702695,1
GCF_014898465,1
GCA_022831985,1
GCA_022829225,1
GCA_020498905,1
GCF_024521655,1
GCA_022832015,1
GCA_003369665,1
GCA_030036235,1
GCA_022830245,1
GCF_025602895,3
GCA_033220655,1
GCA_024761825,1
GCA_009982845,1
GCA_964291815,2
GCA_949125755,1
GCA_028584115,1
GCA_000151335,1
GCA_020571895,1
GCA_020501695,1
GCA_030270345,1
GCA_022830605,1
GCA_000167675,1
GCA_905337335,1
GCA_019207695,1
GCF_033297405,1
GCA_030553275,1
GCA_035926885,1
GCA_911150075,1
GCA_022579005,1
GCA_027917575,0
GCA_004917415,1
GCA_947369975,1
GCF_020647865,1
GCA_020499195,1
GCA_009805765,1
GCF_000938715,1
GCA_030868995,1
GCA_949124345,1
GCA_000977235,1
GCA_020450215,1
GCA_015502475,2
GCA_900157425,0
GCA_000976965,1
GCA_016097855,2
GCA_011066565,1
GCA_040256725,2
GCA_004917605,1
GCA_041121435,1
GCA_010583015,1
GCA_020575615,1
GCA_027579525,4
GCA_038381195,1
GCA_911197365,1
GCA_027945255,1
GCA_000150735,1
GCA_030553405,1
GCF_000226545,1
GCA_000976785,1
GCA_030411835,1
GCA_026319215,1
GCA_028828335,1
GCA_901446245,1
GCA_022836555,1
GCA_000334475,0
GCA_004918195,1
GCA_025328985,1
GCA_038051255,1
GCA_020498965,1
GCA_000513815,1
GCA_001268145,1
GCF_000300555,0
GCF_030913505,1
GCA_020574365,1
GCA_949125295,1
GCA_949124655,1
GCA_031834405,1
GCA_015178975,0
GCA_011763715,2
GCA_029618165,1
GCA_949124515,1
GCA_023645845,1
GCA_900343105,1
GCA_000260155,1
GCA_963674455,1
GCA_025502635,1
GCA_040143965,4
GCA_020569285,1
GCA_016808415,1
GCA_000730325,1
GCA_010093685,1
GCA_011058875,1
GCA_020499395,1
GCA_004918275,1
GCA_014905795,1
GCA_004918065,0
GCA_020500595,1
GCA_013365045,1
GCA_027579765,0
GCA_026229895,1
GCA_013266175,1
GCA_019924955,1
GCA_043229235,1
GCF_000835505,1
GCA_020501255,1
GCA_040412205,1
GCA_003014415,1
GCA_004918885,0
GCF_038363865,1
GCA_019924725,1
GCA_027604685,3
GCF_035222475,1
GCF_001646965,1
GCA_027604105,3
GCA_014898675,0
GCA_029542885,0
GCA_020499985,1
GCA_022832085,1
GCA_019616915,0
GCA_001566295,1
GCA_020575485,1
GCA_023748735,0
GCA_004155955,1
GCA_042257625,1
GCA_015680635,2
GCA_023646075,1
GCA_022578595,1
GCA_900166875,1
GCF_011692745,1
GCA_020580695,1
GCA_020647635,1
GCA_035930025,1
GCA_029991855,1
GCA_028827375,1
GCA_024244585,1
GCA_020501005,1
GCA_949124325,1
GCF_001773325,1
GCA_020575375,1
GCA_004154745,1
GCA_000002855,1
GCA_029204335,0
GCA_020500445,1
GCA_027595825,4
GCF_038021145,1
GCA_903819635,1
GCA_025526935,3
GCA_037102705,1
GCA_003231365,1
GCA_020578105,1
GCA_024761015,1
GCA_000662435,1
GCA_035930205,1
GCA_032988985,1
GCA_011763775,2
GCA_022830575,1
GCA_027923925,1
GCA_024760925,1
GCA_027576995,4
GCA_011952115,2
GCA_947370325,1
GCA_030267865,1
GCA_023137955,1
GCA_002916505,1
GCF_000804445,1
GCA_038497395,1
GCA_019206925,1
GCA_022592445,0
GCA_022831205,1
GCA_020503515,1
GCA_001445595,1
GCA_020574615,1
GCA_022831685,1
GCA_004918905,0
GCF_000271645,0
GCA_020502985,1
GCA_016098135,2
GCA_000976755,1
GCA_002008075,1
GCA_016865315,1
GCA_001268165,1
GCA_949124915,1
GCA_035196885,1
GCA_013363075,1
GCF_022114955,1
GCA_003231325,1
GCA_027578915,4
GCA_951284595,1
GCA_043229245,1
GCF_038363925,1
GCA_015852385,2
GCA_037102785,1
GCA_022160305,0
GCA_018360735,1
GCA_020503165,1
GCF_000836115,1
GCA_020499335,1
GCA_027945245,1
GCA_011800985,2
GCA_027576955,4
GCA_000151295,5
GCA_020499865,1
GCA_911175015,1
GCA_025331905,1
GCA_007994515,1
GCA_022831805,1
GCF_010093885,1
GCA_019207725,1
GCA_027575665,4
GCA_016098085,2
GCA_002008085,1
GCA_016628065,0
GCF_029851405,2
GCA_024761265,1
GCA_002083735,2
GCA_029542965,0
GCA_000271705,1
GCA_037039525,1
GCA_905359455,1
GCA_001645015,0
GCA_007825375,1
GCA_010094025,1
GCA_036971715,1
GCA_025329385,1
GCA_011952045,2
GCA_004917425,1
GCA_027578675,4
GCA_003016335,1
GCA_023645945,1
GCA_000986665,1
GCA_014872705,0
GCA_003709025,1
GCA_001675295,1
GCA_040437605,0
GCA_000978195,1
GCA_949123195,1
GCA_020500465,1
GCA_949122205,1
GCA_004768765,1
GCA_030061835,1
GCA_043234795,1
GCF_001661265,1
GCA_003171545,1
GCA_020580145,1
GCA_911175225,1
GCA_023508785,0
GCA_041438035,0
GCA_022831175,1
GCA_009014675,1
GCF_016861865,1
GCA_016758945,2
GCA_012656445,1
GCA_011066485,1
GCA_023646255,1
GCA_033807475,2
GCA_001645005,0
GCA_000827425,0
GCA_000260175,1
GCA_000832265,0
GCA_030553435,1
GCA_900091695,1
GCA_002591395,1
GCA_002572885,1
GCA_003012285,1
GCF_001672515,1
GCA_041121665,1
GCA_910393935,1
GCA_013368445,0
GCA_020568055,1
GCA_003693665,1
GCA_027577695,4
GCF_000002515,1
GCA_009428285,0
GCA_000347355,1
GCA_042186575,1
GCA_000750745,1
GCA_003144235,0
GCA_022496225,0
GCA_000812105,1
GCA_013201765,1
GCA_013305925,1
GCA_028026935,1
GCA_949125725,1
GCA_020501335,1
GCF_023758075,1
GCA_027579075,4
GCA_029590625,1
GCF_019112545,0
GCA_022592435,0
GCA_030061555,1
GCA_024704195,1
GCA_022814065,1
GCF_030549165,1
GCA_900184115,1
GCA_020581275,1
GCA_004917825,1
GCA_027600645,3
GCF_013396075,1
GCF_000243375,1
GCF_025118155,2
GCF_003444635,1
GCA_000151125,1
GCA_020499905,1
GCA_016098155,2
GCA_949125475,1
GCA_002335645,1
GCA_020575975,1
GCA_027600675,3
GCA_010093995,1
GCA_004379715,0
GCA_001883825,1
GCA_029204085,0
GCA_007821545,1
GCA_000820885,1
GCA_001747045,1
GCA_010015725,1
GCA_028027445,1
GCA_023141305,1
GCA_036320695,1
GCF_001664035,1
GCA_911175275,1
GCA_020726445,1
GCA_000151035,1
GCA_038497675,1
GCA_020571575,1
GCA_020574385,1
GCA_000835395,1
GCA_949125025,1
GCA_020500275,1
GCA_004918235,0
GCA_023848605,1
GCA_000827325,1
GCA_022385695,1
GCA_027579295,4
GCA_001653215,1
GCA_015679515,2
GCA_038380885,1
GCA_033297235,1
GCA_024761805,1
GCF_000002945,1
GCA_020502575,1
GCA_020503705,1
GCA_027579175,4
GCF_002105105,1
GCA_024195175,1
GCA_041121425,1
GCA_027579585,4
GCA_027604305,3
GCA_000190215,1
GCA_025328335,1
GCA_041438215,1
GCA_044063575,1
GCA_027627405,0
GCA_019359905,1
GCA_024704165,1
GCA_905219635,0
GCA_029991355,1
GCF_045282275,1
GCA_029281435,0
GCA_030864385,0
GCA_000977715,1
GCA_949124425,1
GCA_010015675,1
GCA_030867335,1
GCA_003614705,3
GCA_012275245,1
GCA_030270505,1
GCA_023645825,1
GCF_000002525,1
GCA_027577555,4
GCA_019207715,1
GCA_949126015,1
GCA_013368315,0
GCA_002111425,1
GCF_020726525,1
GCA_023646045,1
GCA_020578095,1
GCA_005350895,1
GCF_014117465,1
GCF_028827245,1
GCA_028827865,1
GCA_026026765,1
GCA_020502325,1
GCA_015499995,0
GCA_949124715,1
GCA_022829885,1
GCA_016695485,0
GCA_002892985,1
GCA_003046745,1
GCA_029991625,1
GCF_000091045,0
GCA_018857285,0
GCA_020503715,1
GCA_022495065,1
GCA_022385595,1
GCA_027579135,4
GCA_009078325,0
GCF_028828025,1
GCA_006981975,1
GCA_027578055,4
GCA_000977775,1
GCA_020499405,1
GCA_022264835,0
GCA_022385605,1
GCA_000978225,1
GCA_947370495,1
GCA_021432635,1
GCA_010356935,1
GCA_025201725,3
GCA_001662645,1
GCA_037102755,1
GCA_949124935,1
GCA_006783085,1
GCA_012932025,1
GCA_004918005,0
GCA_949122215,1
GCA_903819465,1
GCA_020570415,1
GCA_022606215,0
GCA_042370655,1
GCA_008704415,1
GCA_014904835,0
GCA_030036215,1
GCF_000003515,1
GCA_000968835,1
GCA_027924065,1
GCA_037074405,1
GCA_004917355,1
GCA_949124555,1
GCA_002850765,1
GCA_030035995,1
GCA_018296245,1
GCA_009728635,1
GCA_911175245,1
GCA_020002365,1
GCA_002382835,1
GCA_019924155,1
GCA_027579485,4
GCA_017310585,1
GCA_911175105,1
GCA_015342435,0
GCA_020502375,1
GCF_000836275,1
GCA_018856295,0
GCA_033807595,1
GCA_009176345,1
GCA_035927225,1
GCA_900000165,0
GCA_000302655,1
GCA_003990765,2
GCA_015529785,2
GCA_033297225,1
GCA_025331445,2
GCA_900492705,1
GCA_014621405,1
GCA_040142845,1
GCA_012932015,1
GCA_022497025,1
GCA_020577905,1
GCF_003144115,0
GCA_012979565,0
GCA_022830775,1
GCF_030384665,1
GCA_010723835,1
GCA_000260215,1
GCA_003615095,1
GCF_022343315,1
GCA_027604465,3
GCA_018360585,1
GCA_000986645,1
GCA_911197195,1
GCA_000350365,1
GCA_027577725,4
GCF_000265015,0
GCA_902085965,1
GCA_027574685,4
GCA_022606255,0
GCA_949124165,1
GCA_018360365,1
GCA_027579315,4
GCA_035926935,1
GCA_026954905,1
GCA_020744275,1
GCA_003614675,4
GCA_016098165,2
GCA_027478255,4
GCA_020572315,1
GCA_019359935,1
GCA_020568205,1
GCF_019915245,1
GCA_022813035,0
GCA_001662605,1
GCA_000977415,1
GCA_018361025,1
GCA_023758125,1
GCA_015178965,0
GCF_000002655,1
GCA_000513255,1
GCA_964022775,1
GCA_027575335,4
GCA_947370885,1
GCF_028829465,1
GCA_029989255,1
GCA_027575855,4
GCA_019207295,1
GCA_035927165,1
GCA_043643955,1
GCA_030549175,1
GCA_000976665,1
GCA_949124595,1
GCA_022385755,0
GCA_020575355,1
GCA_947369935,1
GCA_020450265,1
GCF_019321695,1
GCA_019924835,1
GCA_947370705,1
GCA_024704415,1
GCA_004918115,1
GCA_009194965,1
GCA_002215835,0
GCA_013266265,1
GCA_030036255,1
GCA_004126415,0
GCA_902074915,1
GCA_001191545,1
GCA_025765615,3
GCA_027923805,1
GCA_027578475,4
GCF_000151645,1
GCF_000221225,1
GCA_001592805,1
GCA_020502595,1
GCA_900074745,1
GCF_025024165,4
GCA_013396015,1
GCA_003013795,1
GCA_021176775,1
GCA_012931995,1
GCA_022695755,1
GCA_030270545,1
GCA_027578115,4
GCA_023138355,1
GCA_021365275,1
GCA_000977205,1
GCA_027923725,1
GCA_009938135,0
GCA_002072425,1
GCA_020499915,1
GCA_022830335,1
GCA_027604725,3
GCA_025201765,1
GCA_947370245,1
GCA_011764045,2
GCA_020498945,1
GCF_024043145,1
GCA_024244275,1
GCA_025782845,0
GCF_029203305,1
GCF_001831195,1
GCA_000182565,3
GCA_004802725,0
GCA_003676035,1
GCA_001983305,1
GCA_004917965,0
GCA_900080155,0
GCA_964275055,1
GCA_020501145,1
GCA_014621425,1
GCF_028829585,1
GCA_020503055,1
GCA_032988175,1
GCA_949124625,1
GCA_020501765,1
GCA_000977625,1
GCA_022831595,1
GCA_022496965,1
GCF_011074885,1
GCF_036426115,0
GCA_022495205,1
GCA_025201365,4
GCA_002234625,0
GCA_038025055,1
GCA_025093555,2
GCA_020503435,1
GCA_023134265,1
GCA_027578775,4
GCA_000442015,6
GCA_038497665,1
GCA_014898285,1
GCA_949124155,1
GCA_947370825,1
GCA_001990825,1
GCA_027945365,1
GCA_000977175,1
GCA_019924875,1
GCF_000281105,1
GCA_018360755,1
GCA_911175325,1
GCA_030039215,0
GCA_001929475,1
GCA_028828185,1
GCF_000143365,1
GCA_005382405,1
GCA_001908125,1
GCA_019924895,1
GCA_045282135,1
GCA_004917935,0
GCA_029281795,0
GCA_011801705,2
GCA_028828795,1
GCA_019924255,1
GCA_001950575,1
GCA_022627095,1
GCA_020577915,1
GCA_008275145,1
GCA_024704115,1
GCA_020744215,1
GCA_025399175,3
GCA_949124415,1
GCA_025201805,2
GCA_022831235,1
GCF_000146915,1
GCA_002211485,1
GCA_001717485,1
GCA_002072405,1
GCA_029542765,0
GCF_000225605,1
GCA_036851105,1
GCA_946405395,1
GCF_018404265,1
GCA_019207005,1
GCF_003025095,1
GCA_020574715,1
GCA_016859295,1
GCA_045791975,1
GCA_030039265,0
GCF_041956435,1
GCA_013364935,1
GCA_003073865,1
GCA_036428525,0
GCA_003316995,1
GCA_001413975,1
GCA_009194645,1
GCA_023065595,1
GCA_015847195,2
GCA_022606075,0
GCA_001632445,0
GCA_016758905,2
GCA_015502565,2
GCA_027945405,1
GCA_011763975,2
GCA_000271745,1
GCA_011066345,1
GCF_000507465,0
GCA_030435815,1
GCA_001651415,2
GCF_000213175,1
GCA_003268335,1
GCA_020501905,1
GCA_029618285,1
GCA_030553205,1
GCF_000721785,1
GCA_030407065,0
GCA_024761055,1
GCA_020568775,1
GCA_010724335,1
GCF_021052385,0
GCA_046529785,1
GCA_900100905,0
GCA_019207835,1
GCA_030061575,1
GCF_028826845,1
GCA_963924395,1
GCA_949125345,1
GCA_949124755,1
GCA_010405405,1
GCA_016772135,1
GCA_017635955,1
GCA_019924135,1
GCA_000292585,1
GCF_000300595,0
GCA_022578775,1
GCA_013396035,1
GCF_000235365,1
GCA_001278595,1
GCA_001702395,1
GCA_019627735,0
GCF_001204775,1
GCA_023134295,1
GCA_022496215,0
GCA_000769265,1
GCA_020726485,1
GCA_003635345,1
GCA_000006275,1
GCA_015476405,0
GCA_012656455,1
GCA_025603075,4
GCA_000978105,1
GCA_949124745,1
GCA_020503455,1
GCA_949124815,1
GCA_000968615,1
GCA_024704625,1
GCA_009769405,1
GCA_013201785,1
GCF_003171515,1
GCF_025882075,0
GCA_002222335,0
GCA_027945505,1
GCA_027577975,4
GCA_026229875,1
GCA_004917275,1
GCF_000143185,0
GCA_020310725,1
GCA_900232045,1
GCA_001020605,0
GCA_024704055,1
GCA_029590615,1
GCA_947369795,1
GCA_027579275,4
GCA_029542805,0
GCA_001640025,1
GCA_000784655,1
GCF_000280675,1
GCA_027575835,4
GCA_000825705,1
GCA_011801385,2
GCA_038497775,1
GCA_027597005,3
GCA_020501135,1
GCA_024663515,0
GCF_001299255,1
GCA_002104985,3
GCA_020580155,1
GCA_010723975,1
GCA_023137705,1
GCA_025602905,3
GCA_024760885,1
GCA_001653205,1
GCA_013758895,1
GCF_001661255,1
GCA_009176395,1
GCA_015679425,2
GCA_022180325,1
GCA_027604545,3
GCA_040142955,1
GCA_020797195,1
GCA_020499575,1
GCA_011764025,2
GCA_948474695,1
GCA_949123975,1
GCA_949123915,1
GCA_010015825,1
GCA_023137895,1
GCA_044089335,1
GCA_911175125,1
GCA_015251385,1
GCA_000344635,0
GCA_027575355,4
GCA_027595865,2
GCA_033675295,1
GCA_013694445,1
GCA_032433595,1
GCA_020503805,1
GCA_024761865,1
GCF_009193645,1
GCA_003614755,4
GCF_000182925,1
GCF_039105145,0
GCA_022606135,0
GCA_021432605,1
GCA_016952305,1
GCA_020499015,1
GCA_022788505,1
GCA_005059865,1
GCA_022830425,1
GCA_022814195,1
GCA_905071775,0
GCA_020498755,1
GCA_015501535,0
GCA_027577765,4
GCA_900106115,1
GCA_017309325,1
GCA_030061845,1
GCA_014049585,1
GCA_000773805,1
GCA_012656435,1
GCA_000827475,0
GCA_001592465,1
GCA_000269785,1
GCA_022814125,1
GCA_911197325,1
GCA_018360435,1
GCA_021495925,1
GCA_947370215,1
GCA_014904855,0
GCA_000313545,0
GCF_000237345,1
GCA_022830625,1
GCA_011764265,2
GCA_000149865,3
GCA_026023525,1
GCA_046000195,1
GCA_027579195,4
GCF_000143565,0
GCA_949122235,1
GCA_019924375,1
GCA_949124885,1
GCA_027579565,4
GCA_000836315,0
GCA_000222805,1
GCA_015499975,2
GCA_020569895,1
GCA_024760895,1
GCA_011950985,2
GCA_020502185,1
GCF_020726465,1
GCA_026184555,1
GCA_041870755,1
GCA_020499645,1
GCA_033675085,1
GCA_000769765,1
GCA_022578905,1
GCA_036289345,3
GCF_013368755,1
GCA_004168565,1
GCA_020503365,1
GCA_012980525,0
GCF_000011425,1
GCA_040285385,1
GCA_030247865,1
GCA_001618945,1
GCA_017365405,1
GCA_023101225,1
GCA_949122555,1
GCA_020501895,1
GCA_905232135,0
GCA_027604245,3
GCF_011800055,1
GCA_000315665,1
GCA_000426965,1
GCA_027923865,1
GCA_028827875,1
GCF_022984875,1
GCA_027604085,3
GCA_022343325,1
GCA_004918795,0
GCA_000976215,1
GCA_001563735,0
GCA_947370465,1
GCA_025869475,0
GCA_002008025,1
GCF_003813185,0
GCA_027887095,0
GCA_030036435,1
GCA_038381175,1
GCF_000835495,1
GCA_016097895,2
GCA_002003045,0
GCA_904855205,0
GCA_030411825,1
GCA_013054445,1
GCA_027578955,4
GCA_020576195,1
GCA_018282025,0
GCA_015501595,0
GCA_027578375,4
GCA_029991395,1
GCF_013390185,1
GCA_020503175,1
GCA_012656185,1
GCA_015849295,2
GCF_022695815,1
GCA_016098005,2
GCA_011763605,2
GCA_002946385,1
GCA_905071735,0
GCA_022831055,1
GCF_028826915,1
GCA_002307675,0
GCA_038497655,1
GCA_033296725,1
GCA_000775465,1
GCA_002217545,0
GCA_000739145,1
GCA_019924575,1
GCA_004154815,1
GCA_027921425,0
GCA_003019895,1
GCA_022831145,1
GCA_015849285,2
GCA_030674015,1
GCF_000340215,1
GCA_001630475,0
GCA_902006505,1
GCA_028828245,1
GCA_000977505,1
GCA_028027615,1
GCA_947370645,1
GCF_025526975,3
GCA_949124255,1
GCA_016906555,0
GCA_020574405,1
GCA_020568045,1
GCA_002572855,1
GCA_001691785,0
GCA_029618195,1
GCF_000365145,1
GCF_038025025,1
GCA_000170995,1
GCA_004115165,1
GCA_027577435,4
GCA_014049485,1
GCA_001720195,0
GCA_018360975,1
GCA_008704605,1
GCA_028891585,1
GCA_003320035,1
GCA_900096635,1
GCA_004917845,0
GCA_033296905,1
GCA_036872775,1
GCA_020499785,1
GCA_023141395,1
GCA_002946425,1
GCA_027886495,0
GCA_001466525,1
GCA_004917205,1
GCF_003184785,1
GCA_025526995,3
GCA_003615085,1
GCA_949124285,1
GCA_001644525,1
GCA_027578975,4
GCF_039999085,0
GCA_001895945,0
GCA_030060685,1
GCA_022831475,1
GCA_011801605,2
GCA_000827395,0
GCA_022814335,1
GCA_047301825,0
GCA_009176385,1
GCF_024521635,1
GCA_042258045,1
GCA_000977985,1
GCA_019208045,1
GCA_000976245,1
GCA_018360575,1
GCF_003184755,1
GCA_003351075,1
GCF_000226115,1
GCA_011066845,1
GCA_015852395,2
GCF_022478755,1
GCA_000260735,1
GCA_022578705,1
GCA_000827355,0
GCA_035928425,1
GCA_023705605,1
GCA_024761135,1
GCA_022831775,1
GCA_027579255,4
GCA_000827275,0
GCA_022831615,1
GCA_014049445,1
GCA_030270465,1
GCF_000961545,1
GCA_001634645,1
GCA_949125785,1
GCA_911175185,1
GCA_027595805,4
GCA_016735785,1
GCA_004917115,1
GCF_000166005,1
GCA_020500645,1
GCA_001014755,1
GCA_027577095,4
GCA_000976395,1
GCF_001890805,1
GCA_004369085,0
GCA_020501785,1
GCA_015679405,2
GCA_020502365,1
GCA_015679595,2
GCA_022376655,1
GCA_000775505,1
GCA_003704685,1
GCA_003118255,1
GCA_027577855,4
GCA_900074885,1
GCA_012656165,1
GCA_004217705,1
GCA_949126065,1
GCA_024761765,1
GCA_010093785,1
GCA_000223565,1
GCF_003184845,1
GCA_911174905,1
GCF_022836535,1
GCA_025716855,2
GCA_033297075,1
GCA_023645895,1
GCA_020501815,1
GCA_020571545,1
GCA_002237265,1
