Chain,Residue_Name,Residue_Number,Residue_ID,SASA_Total,SASA_Polar,SASA_Apolar
A,ALA,   3 ,A_ALA_   3 ,0.0,0.0,0.0
A,ALA,   4 ,A_ALA_   4 ,0.0,0.0,0.0
A,ALA,  10 ,A_ALA_  10 ,0.0,0.0,0.0
A,ALA,  11 ,A_ALA_  11 ,0.0,0.0,0.0
A,ALA,  37 ,A_ALA_  37 ,0.0,0.0,0.0
A,ALA,  39 ,A_ALA_  39 ,0.0,0.0,0.0
A,ALA,  50 ,A_ALA_  50 ,0.0,0.0,0.0
A,ALA,  52 ,A_ALA_  52 ,0.0,0.0,0.0
A,ALA,  68 ,A_ALA_  68 ,0.0,0.0,0.0
A,ALA,  78 ,A_ALA_  78 ,0.0,0.0,0.0
A,ALA,  86 ,A_ALA_  86 ,0.0,0.0,0.0
A,ALA,  99 ,A_ALA_  99 ,0.0,0.0,0.0
A,ALA, 102 ,A_ALA_ 102 ,0.0,0.0,0.0
A,ALA, 133 ,A_ALA_ 133 ,0.0,0.0,0.0
A,ALA, 136 ,A_ALA_ 136 ,0.0,0.0,0.0
A,ALA, 183 ,A_ALA_ 183 ,0.0,0.0,0.0
A,ALA, 189 ,A_ALA_ 189 ,0.0,0.0,0.0
A,ALA, 220 ,A_ALA_ 220 ,0.0,0.0,0.0
A,ALA, 222 ,A_ALA_ 222 ,0.0,0.0,0.0
A,ALA, 224 ,A_ALA_ 224 ,0.0,0.0,0.0
A,ALA, 227 ,A_ALA_ 227 ,0.0,0.0,0.0
A,ALA, 232 ,A_ALA_ 232 ,0.0,0.0,0.0
A,ALA, 256 ,A_ALA_ 256 ,0.0,0.0,0.0
A,ALA, 261 ,A_ALA_ 261 ,0.0,0.0,0.0
A,ALA, 262 ,A_ALA_ 262 ,0.0,0.0,0.0
A,ALA, 283 ,A_ALA_ 283 ,0.0,0.0,0.0
A,ALA, 285 ,A_ALA_ 285 ,0.0,0.0,0.0
A,ALA, 301 ,A_ALA_ 301 ,0.0,0.0,0.0
A,ALA, 306 ,A_ALA_ 306 ,0.0,0.0,0.0
A,ALA, 310 ,A_ALA_ 310 ,0.0,0.0,0.0
A,ALA, 312 ,A_ALA_ 312 ,0.0,0.0,0.0
A,ALA, 315 ,A_ALA_ 315 ,0.0,0.0,0.0
A,ALA, 337 ,A_ALA_ 337 ,0.0,0.0,0.0
A,ALA, 345 ,A_ALA_ 345 ,0.0,0.0,0.0
A,ALA, 348 ,A_ALA_ 348 ,0.0,0.0,0.0
A,ALA, 367 ,A_ALA_ 367 ,0.0,0.0,0.0
A,ALA, 392 ,A_ALA_ 392 ,0.0,0.0,0.0
A,ALA, 402 ,A_ALA_ 402 ,0.0,0.0,0.0
A,ALA, 416 ,A_ALA_ 416 ,0.0,0.0,0.0
A,ALA, 420 ,A_ALA_ 420 ,0.0,0.0,0.0
A,ALA, 421 ,A_ALA_ 421 ,0.0,0.0,0.0
A,ALA, 428 ,A_ALA_ 428 ,0.0,0.0,0.0
A,ARG,  31 ,A_ARG_  31 ,0.0,0.0,0.0
A,ARG,  51 ,A_ARG_  51 ,0.0,0.0,0.0
A,ARG,  73 ,A_ARG_  73 ,0.0,0.0,0.0
A,ARG,  93 ,A_ARG_  93 ,0.0,0.0,0.0
A,ARG, 121 ,A_ARG_ 121 ,0.0,0.0,0.0
A,ARG, 151 ,A_ARG_ 151 ,0.0,0.0,0.0
A,ARG, 159 ,A_ARG_ 159 ,0.0,0.0,0.0
A,ARG, 179 ,A_ARG_ 179 ,0.0,0.0,0.0
A,ARG, 192 ,A_ARG_ 192 ,0.0,0.0,0.0
A,ARG, 199 ,A_ARG_ 199 ,0.0,0.0,0.0
A,ARG, 233 ,A_ARG_ 233 ,0.0,0.0,0.0
A,ARG, 245 ,A_ARG_ 245 ,0.0,0.0,0.0
A,ARG, 257 ,A_ARG_ 257 ,0.0,0.0,0.0
A,ARG, 276 ,A_ARG_ 276 ,0.0,0.0,0.0
A,ARG, 332 ,A_ARG_ 332 ,0.0,0.0,0.0
A,ARG, 339 ,A_ARG_ 339 ,0.0,0.0,0.0
A,ARG, 349 ,A_ARG_ 349 ,0.0,0.0,0.0
A,ARG, 376 ,A_ARG_ 376 ,0.0,0.0,0.0
A,ARG, 423 ,A_ARG_ 423 ,0.0,0.0,0.0
A,ASN,   7 ,A_ASN_   7 ,0.0,0.0,0.0
A,ASN,  19 ,A_ASN_  19 ,0.0,0.0,0.0
A,ASN,  21 ,A_ASN_  21 ,0.0,0.0,0.0
A,ASN,  22 ,A_ASN_  22 ,0.0,0.0,0.0
A,ASN,  38 ,A_ASN_  38 ,0.0,0.0,0.0
A,ASN, 130 ,A_ASN_ 130 ,0.0,0.0,0.0
A,ASN, 167 ,A_ASN_ 167 ,0.0,0.0,0.0
A,ASN, 178 ,A_ASN_ 178 ,0.0,0.0,0.0
A,ASN, 190 ,A_ASN_ 190 ,0.0,0.0,0.0
A,ASN, 215 ,A_ASN_ 215 ,0.0,0.0,0.0
A,ASN, 223 ,A_ASN_ 223 ,0.0,0.0,0.0
A,ASN, 246 ,A_ASN_ 246 ,0.0,0.0,0.0
A,ASN, 280 ,A_ASN_ 280 ,0.0,0.0,0.0
A,ASN, 289 ,A_ASN_ 289 ,0.0,0.0,0.0
A,ASN, 293 ,A_ASN_ 293 ,0.0,0.0,0.0
A,ASN, 294 ,A_ASN_ 294 ,0.0,0.0,0.0
A,ASN, 316 ,A_ASN_ 316 ,0.0,0.0,0.0
A,ASN, 338 ,A_ASN_ 338 ,0.0,0.0,0.0
A,ASN, 344 ,A_ASN_ 344 ,0.0,0.0,0.0
A,ASN, 354 ,A_ASN_ 354 ,0.0,0.0,0.0
A,ASN, 356 ,A_ASN_ 356 ,0.0,0.0,0.0
A,ASN, 379 ,A_ASN_ 379 ,0.0,0.0,0.0
A,ASN, 389 ,A_ASN_ 389 ,0.0,0.0,0.0
A,ASN, 405 ,A_ASN_ 405 ,0.0,0.0,0.0
A,ASN, 408 ,A_ASN_ 408 ,0.0,0.0,0.0
A,ASP,  15 ,A_ASP_  15 ,0.0,0.0,0.0
A,ASP,  27 ,A_ASP_  27 ,0.0,0.0,0.0
A,ASP,  42 ,A_ASP_  42 ,0.0,0.0,0.0
A,ASP,  54 ,A_ASP_  54 ,0.0,0.0,0.0
A,ASP,  55 ,A_ASP_  55 ,0.0,0.0,0.0
A,ASP,  59 ,A_ASP_  59 ,0.0,0.0,0.0
A,ASP,  75 ,A_ASP_  75 ,0.0,0.0,0.0
A,ASP,  97 ,A_ASP_  97 ,0.0,0.0,0.0
A,ASP,  98 ,A_ASP_  98 ,0.0,0.0,0.0
A,ASP, 108 ,A_ASP_ 108 ,0.0,0.0,0.0
A,ASP, 111 ,A_ASP_ 111 ,0.0,0.0,0.0
A,ASP, 128 ,A_ASP_ 128 ,0.0,0.0,0.0
A,ASP, 156 ,A_ASP_ 156 ,0.0,0.0,0.0
A,ASP, 161 ,A_ASP_ 161 ,0.0,0.0,0.0
A,ASP, 164 ,A_ASP_ 164 ,0.0,0.0,0.0
A,ASP, 173 ,A_ASP_ 173 ,0.0,0.0,0.0
A,ASP, 184 ,A_ASP_ 184 ,0.0,0.0,0.0
A,ASP, 208 ,A_ASP_ 208 ,0.0,0.0,0.0
A,ASP, 216 ,A_ASP_ 216 ,0.0,0.0,0.0
A,ASP, 236 ,A_ASP_ 236 ,0.0,0.0,0.0
A,ASP, 264 ,A_ASP_ 264 ,0.0,0.0,0.0
A,ASP, 277 ,A_ASP_ 277 ,0.0,0.0,0.0
A,ASP, 284 ,A_ASP_ 284 ,0.0,0.0,0.0
A,ASP, 324 ,A_ASP_ 324 ,0.0,0.0,0.0
A,ASP, 327 ,A_ASP_ 327 ,0.0,0.0,0.0
A,ASP, 351 ,A_ASP_ 351 ,0.0,0.0,0.0
A,ASP, 359 ,A_ASP_ 359 ,0.0,0.0,0.0
A,ASP, 360 ,A_ASP_ 360 ,0.0,0.0,0.0
A,ASP, 374 ,A_ASP_ 374 ,0.0,0.0,0.0
A,ASP, 381 ,A_ASP_ 381 ,0.0,0.0,0.0
A,ASP, 382 ,A_ASP_ 382 ,0.0,0.0,0.0
A,ASP, 384 ,A_ASP_ 384 ,0.0,0.0,0.0
A,ASP, 409 ,A_ASP_ 409 ,0.0,0.0,0.0
A,ASP, 411 ,A_ASP_ 411 ,0.0,0.0,0.0
A,CYS,  76 ,A_CYS_  76 ,0.0,0.0,0.0
A,CYS,  80 ,A_CYS_  80 ,0.0,0.0,0.0
A,CYS,  94 ,A_CYS_  94 ,0.0,0.0,0.0
A,CYS, 188 ,A_CYS_ 188 ,0.0,0.0,0.0
A,CYS, 207 ,A_CYS_ 207 ,0.0,0.0,0.0
A,CYS, 211 ,A_CYS_ 211 ,0.0,0.0,0.0
A,CYS, 219 ,A_CYS_ 219 ,0.0,0.0,0.0
A,CYS, 300 ,A_CYS_ 300 ,0.0,0.0,0.0
A,GLN,  24 ,A_GLN_  24 ,0.0,0.0,0.0
A,GLN,  35 ,A_GLN_  35 ,0.0,0.0,0.0
A,GLN,  71 ,A_GLN_  71 ,0.0,0.0,0.0
A,GLN, 122 ,A_GLN_ 122 ,0.0,0.0,0.0
A,GLN, 193 ,A_GLN_ 193 ,0.0,0.0,0.0
A,GLN, 352 ,A_GLN_ 352 ,0.0,0.0,0.0
A,GLN, 361 ,A_GLN_ 361 ,0.0,0.0,0.0
A,GLN, 398 ,A_GLN_ 398 ,0.0,0.0,0.0
A,GLU,  32 ,A_GLU_  32 ,0.0,0.0,0.0
A,GLU,  34 ,A_GLU_  34 ,0.0,0.0,0.0
A,GLU,  44 ,A_GLU_  44 ,0.0,0.0,0.0
A,GLU,  48 ,A_GLU_  48 ,0.0,0.0,0.0
A,GLU,  62 ,A_GLU_  62 ,0.0,0.0,0.0
A,GLU,  70 ,A_GLU_  70 ,0.0,0.0,0.0
A,GLU,  77 ,A_GLU_  77 ,0.0,0.0,0.0
A,GLU, 104 ,A_GLU_ 104 ,0.0,0.0,0.0
A,GLU, 138 ,A_GLU_ 138 ,0.0,0.0,0.0
A,GLU, 141 ,A_GLU_ 141 ,0.0,0.0,0.0
A,GLU, 149 ,A_GLU_ 149 ,0.0,0.0,0.0
A,GLU, 155 ,A_GLU_ 155 ,0.0,0.0,0.0
A,GLU, 196 ,A_GLU_ 196 ,0.0,0.0,0.0
A,GLU, 210 ,A_GLU_ 210 ,0.0,0.0,0.0
A,GLU, 229 ,A_GLU_ 229 ,0.0,0.0,0.0
A,GLU, 244 ,A_GLU_ 244 ,0.0,0.0,0.0
A,GLU, 279 ,A_GLU_ 279 ,0.0,0.0,0.0
A,GLU, 287 ,A_GLU_ 287 ,0.0,0.0,0.0
A,GLU, 321 ,A_GLU_ 321 ,0.0,0.0,0.0
A,GLU, 364 ,A_GLU_ 364 ,0.0,0.0,0.0
A,GLU, 393 ,A_GLU_ 393 ,0.0,0.0,0.0
A,GLU, 414 ,A_GLU_ 414 ,0.0,0.0,0.0
A,GLY,  14 ,A_GLY_  14 ,0.0,0.0,0.0
A,GLY,  33 ,A_GLY_  33 ,0.0,0.0,0.0
A,GLY,  57 ,A_GLY_  57 ,0.0,0.0,0.0
A,GLY,  83 ,A_GLY_  83 ,0.0,0.0,0.0
A,GLY, 106 ,A_GLY_ 106 ,0.0,0.0,0.0
A,GLY, 109 ,A_GLY_ 109 ,0.0,0.0,0.0
A,GLY, 115 ,A_GLY_ 115 ,0.0,0.0,0.0
A,GLY, 126 ,A_GLY_ 126 ,0.0,0.0,0.0
A,GLY, 147 ,A_GLY_ 147 ,0.0,0.0,0.0
A,GLY, 176 ,A_GLY_ 176 ,0.0,0.0,0.0
A,GLY, 181 ,A_GLY_ 181 ,0.0,0.0,0.0
A,GLY, 187 ,A_GLY_ 187 ,0.0,0.0,0.0
A,GLY, 218 ,A_GLY_ 218 ,0.0,0.0,0.0
A,GLY, 230 ,A_GLY_ 230 ,0.0,0.0,0.0
A,GLY, 231 ,A_GLY_ 231 ,0.0,0.0,0.0
A,GLY, 241 ,A_GLY_ 241 ,0.0,0.0,0.0
A,GLY, 243 ,A_GLY_ 243 ,0.0,0.0,0.0
A,GLY, 247 ,A_GLY_ 247 ,0.0,0.0,0.0
A,GLY, 252 ,A_GLY_ 252 ,0.0,0.0,0.0
A,GLY, 253 ,A_GLY_ 253 ,0.0,0.0,0.0
A,GLY, 298 ,A_GLY_ 298 ,0.0,0.0,0.0
A,GLY, 307 ,A_GLY_ 307 ,0.0,0.0,0.0
A,GLY, 329 ,A_GLY_ 329 ,0.0,0.0,0.0
A,GLY, 342 ,A_GLY_ 342 ,0.0,0.0,0.0
A,GLY, 373 ,A_GLY_ 373 ,0.0,0.0,0.0
A,HIS,  91 ,A_HIS_  91 ,0.0,0.0,0.0
A,HIS,  95 ,A_HIS_  95 ,0.0,0.0,0.0
A,HIS, 125 ,A_HIS_ 125 ,0.0,0.0,0.0
A,HIS, 212 ,A_HIS_ 212 ,0.0,0.0,0.0
A,HIS, 214 ,A_HIS_ 214 ,0.0,0.0,0.0
A,HIS, 273 ,A_HIS_ 273 ,0.0,0.0,0.0
A,HIS, 304 ,A_HIS_ 304 ,0.0,0.0,0.0
A,HIS, 309 ,A_HIS_ 309 ,0.0,0.0,0.0
A,HIS, 326 ,A_HIS_ 326 ,0.0,0.0,0.0
A,HIS, 335 ,A_HIS_ 335 ,0.0,0.0,0.0
A,HIS, 391 ,A_HIS_ 391 ,0.0,0.0,0.0
A,ILE,  26 ,A_ILE_  26 ,0.0,0.0,0.0
A,ILE,  47 ,A_ILE_  47 ,0.0,0.0,0.0
A,ILE,  49 ,A_ILE_  49 ,0.0,0.0,0.0
A,ILE,  61 ,A_ILE_  61 ,0.0,0.0,0.0
A,ILE,  79 ,A_ILE_  79 ,0.0,0.0,0.0
A,ILE,  88 ,A_ILE_  88 ,0.0,0.0,0.0
A,ILE,  92 ,A_ILE_  92 ,0.0,0.0,0.0
A,ILE, 114 ,A_ILE_ 114 ,0.0,0.0,0.0
A,ILE, 132 ,A_ILE_ 132 ,0.0,0.0,0.0
A,ILE, 140 ,A_ILE_ 140 ,0.0,0.0,0.0
A,ILE, 148 ,A_ILE_ 148 ,0.0,0.0,0.0
A,ILE, 150 ,A_ILE_ 150 ,0.0,0.0,0.0
A,ILE, 168 ,A_ILE_ 168 ,0.0,0.0,0.0
A,ILE, 175 ,A_ILE_ 175 ,0.0,0.0,0.0
A,ILE, 182 ,A_ILE_ 182 ,0.0,0.0,0.0
A,ILE, 198 ,A_ILE_ 198 ,0.0,0.0,0.0
A,ILE, 209 ,A_ILE_ 209 ,0.0,0.0,0.0
A,ILE, 221 ,A_ILE_ 221 ,0.0,0.0,0.0
A,ILE, 235 ,A_ILE_ 235 ,0.0,0.0,0.0
A,ILE, 242 ,A_ILE_ 242 ,0.0,0.0,0.0
A,ILE, 248 ,A_ILE_ 248 ,0.0,0.0,0.0
A,ILE, 259 ,A_ILE_ 259 ,0.0,0.0,0.0
A,ILE, 275 ,A_ILE_ 275 ,0.0,0.0,0.0
A,ILE, 278 ,A_ILE_ 278 ,0.0,0.0,0.0
A,ILE, 290 ,A_ILE_ 290 ,0.0,0.0,0.0
A,ILE, 296 ,A_ILE_ 296 ,0.0,0.0,0.0
A,ILE, 308 ,A_ILE_ 308 ,0.0,0.0,0.0
A,ILE, 313 ,A_ILE_ 313 ,0.0,0.0,0.0
A,ILE, 322 ,A_ILE_ 322 ,0.0,0.0,0.0
A,ILE, 334 ,A_ILE_ 334 ,0.0,0.0,0.0
A,ILE, 346 ,A_ILE_ 346 ,0.0,0.0,0.0
A,ILE, 362 ,A_ILE_ 362 ,0.0,0.0,0.0
A,ILE, 369 ,A_ILE_ 369 ,0.0,0.0,0.0
A,ILE, 380 ,A_ILE_ 380 ,0.0,0.0,0.0
A,ILE, 386 ,A_ILE_ 386 ,0.0,0.0,0.0
A,ILE, 387 ,A_ILE_ 387 ,0.0,0.0,0.0
A,ILE, 418 ,A_ILE_ 418 ,0.0,0.0,0.0
A,LEU,  17 ,A_LEU_  17 ,0.0,0.0,0.0
A,LEU,  25 ,A_LEU_  25 ,0.0,0.0,0.0
A,LEU,  30 ,A_LEU_  30 ,0.0,0.0,0.0
A,LEU,  53 ,A_LEU_  53 ,0.0,0.0,0.0
A,LEU,  63 ,A_LEU_  63 ,0.0,0.0,0.0
A,LEU,  82 ,A_LEU_  82 ,0.0,0.0,0.0
A,LEU,  84 ,A_LEU_  84 ,0.0,0.0,0.0
A,LEU,  89 ,A_LEU_  89 ,0.0,0.0,0.0
A,LEU, 120 ,A_LEU_ 120 ,0.0,0.0,0.0
A,LEU, 162 ,A_LEU_ 162 ,0.0,0.0,0.0
A,LEU, 165 ,A_LEU_ 165 ,0.0,0.0,0.0
A,LEU, 166 ,A_LEU_ 166 ,0.0,0.0,0.0
A,LEU, 197 ,A_LEU_ 197 ,0.0,0.0,0.0
A,LEU, 201 ,A_LEU_ 201 ,0.0,0.0,0.0
A,LEU, 228 ,A_LEU_ 228 ,0.0,0.0,0.0
A,LEU, 234 ,A_LEU_ 234 ,0.0,0.0,0.0
A,LEU, 240 ,A_LEU_ 240 ,0.0,0.0,0.0
A,LEU, 251 ,A_LEU_ 251 ,0.0,0.0,0.0
A,LEU, 254 ,A_LEU_ 254 ,0.0,0.0,0.0
A,LEU, 272 ,A_LEU_ 272 ,0.0,0.0,0.0
A,LEU, 281 ,A_LEU_ 281 ,0.0,0.0,0.0
A,LEU, 314 ,A_LEU_ 314 ,0.0,0.0,0.0
A,LEU, 323 ,A_LEU_ 323 ,0.0,0.0,0.0
A,LEU, 340 ,A_LEU_ 340 ,0.0,0.0,0.0
A,LEU, 353 ,A_LEU_ 353 ,0.0,0.0,0.0
A,LEU, 355 ,A_LEU_ 355 ,0.0,0.0,0.0
A,LEU, 357 ,A_LEU_ 357 ,0.0,0.0,0.0
A,LEU, 372 ,A_LEU_ 372 ,0.0,0.0,0.0
A,LEU, 378 ,A_LEU_ 378 ,0.0,0.0,0.0
A,LEU, 400 ,A_LEU_ 400 ,0.0,0.0,0.0
A,LEU, 415 ,A_LEU_ 415 ,0.0,0.0,0.0
A,LYS,   5 ,A_LYS_   5 ,0.0,0.0,0.0
A,LYS,  12 ,A_LYS_  12 ,0.0,0.0,0.0
A,LYS,  45 ,A_LYS_  45 ,0.0,0.0,0.0
A,LYS,  46 ,A_LYS_  46 ,0.0,0.0,0.0
A,LYS,  74 ,A_LYS_  74 ,0.0,0.0,0.0
A,LYS,  81 ,A_LYS_  81 ,0.0,0.0,0.0
A,LYS,  85 ,A_LYS_  85 ,0.0,0.0,0.0
A,LYS,  87 ,A_LYS_  87 ,0.0,0.0,0.0
A,LYS, 100 ,A_LYS_ 100 ,0.0,0.0,0.0
A,LYS, 118 ,A_LYS_ 118 ,0.0,0.0,0.0
A,LYS, 127 ,A_LYS_ 127 ,0.0,0.0,0.0
A,LYS, 134 ,A_LYS_ 134 ,0.0,0.0,0.0
A,LYS, 144 ,A_LYS_ 144 ,0.0,0.0,0.0
A,LYS, 146 ,A_LYS_ 146 ,0.0,0.0,0.0
A,LYS, 170 ,A_LYS_ 170 ,0.0,0.0,0.0
A,LYS, 174 ,A_LYS_ 174 ,0.0,0.0,0.0
A,LYS, 202 ,A_LYS_ 202 ,0.0,0.0,0.0
A,LYS, 267 ,A_LYS_ 267 ,0.0,0.0,0.0
A,LYS, 269 ,A_LYS_ 269 ,0.0,0.0,0.0
A,LYS, 271 ,A_LYS_ 271 ,0.0,0.0,0.0
A,LYS, 274 ,A_LYS_ 274 ,0.0,0.0,0.0
A,LYS, 305 ,A_LYS_ 305 ,0.0,0.0,0.0
A,LYS, 311 ,A_LYS_ 311 ,0.0,0.0,0.0
A,LYS, 331 ,A_LYS_ 331 ,0.0,0.0,0.0
A,LYS, 347 ,A_LYS_ 347 ,0.0,0.0,0.0
A,LYS, 363 ,A_LYS_ 363 ,0.0,0.0,0.0
A,LYS, 368 ,A_LYS_ 368 ,0.0,0.0,0.0
A,LYS, 370 ,A_LYS_ 370 ,0.0,0.0,0.0
A,LYS, 371 ,A_LYS_ 371 ,0.0,0.0,0.0
A,LYS, 388 ,A_LYS_ 388 ,0.0,0.0,0.0
A,LYS, 403 ,A_LYS_ 403 ,0.0,0.0,0.0
A,LYS, 404 ,A_LYS_ 404 ,0.0,0.0,0.0
A,LYS, 406 ,A_LYS_ 406 ,0.0,0.0,0.0
A,LYS, 407 ,A_LYS_ 407 ,0.0,0.0,0.0
A,LYS, 422 ,A_LYS_ 422 ,0.0,0.0,0.0
A,LYS, 425 ,A_LYS_ 425 ,0.0,0.0,0.0
A,MET,   1 ,A_MET_   1 ,0.0,0.0,0.0
A,MET,  96 ,A_MET_  96 ,0.0,0.0,0.0
A,MET, 129 ,A_MET_ 129 ,0.0,0.0,0.0
A,MET, 255 ,A_MET_ 255 ,0.0,0.0,0.0
A,MET, 258 ,A_MET_ 258 ,0.0,0.0,0.0
A,MET, 330 ,A_MET_ 330 ,0.0,0.0,0.0
A,PHE,  23 ,A_PHE_  23 ,0.0,0.0,0.0
A,PHE,  36 ,A_PHE_  36 ,0.0,0.0,0.0
A,PHE,  40 ,A_PHE_  40 ,0.0,0.0,0.0
A,PHE,  41 ,A_PHE_  41 ,0.0,0.0,0.0
A,PHE,  56 ,A_PHE_  56 ,0.0,0.0,0.0
A,PHE, 119 ,A_PHE_ 119 ,0.0,0.0,0.0
A,PHE, 142 ,A_PHE_ 142 ,0.0,0.0,0.0
A,PHE, 152 ,A_PHE_ 152 ,0.0,0.0,0.0
A,PHE, 158 ,A_PHE_ 158 ,0.0,0.0,0.0
A,PHE, 213 ,A_PHE_ 213 ,0.0,0.0,0.0
A,PHE, 292 ,A_PHE_ 292 ,0.0,0.0,0.0
A,PHE, 299 ,A_PHE_ 299 ,0.0,0.0,0.0
A,PHE, 302 ,A_PHE_ 302 ,0.0,0.0,0.0
A,PHE, 328 ,A_PHE_ 328 ,0.0,0.0,0.0
A,PHE, 336 ,A_PHE_ 336 ,0.0,0.0,0.0
A,PHE, 390 ,A_PHE_ 390 ,0.0,0.0,0.0
A,PRO,   6 ,A_PRO_   6 ,0.0,0.0,0.0
A,PRO,   8 ,A_PRO_   8 ,0.0,0.0,0.0
A,PRO,  13 ,A_PRO_  13 ,0.0,0.0,0.0
A,PRO,  66 ,A_PRO_  66 ,0.0,0.0,0.0
A,PRO, 191 ,A_PRO_ 191 ,0.0,0.0,0.0
A,PRO, 250 ,A_PRO_ 250 ,0.0,0.0,0.0
A,PRO, 263 ,A_PRO_ 263 ,0.0,0.0,0.0
A,PRO, 291 ,A_PRO_ 291 ,0.0,0.0,0.0
A,PRO, 295 ,A_PRO_ 295 ,0.0,0.0,0.0
A,PRO, 317 ,A_PRO_ 317 ,0.0,0.0,0.0
A,PRO, 325 ,A_PRO_ 325 ,0.0,0.0,0.0
A,PRO, 397 ,A_PRO_ 397 ,0.0,0.0,0.0
A,PRO, 413 ,A_PRO_ 413 ,0.0,0.0,0.0
A,PRO, 419 ,A_PRO_ 419 ,0.0,0.0,0.0
A,PRO, 426 ,A_PRO_ 426 ,0.0,0.0,0.0
A,SER,  18 ,A_SER_  18 ,0.0,0.0,0.0
A,SER,  28 ,A_SER_  28 ,0.0,0.0,0.0
A,SER,  65 ,A_SER_  65 ,0.0,0.0,0.0
A,SER,  69 ,A_SER_  69 ,0.0,0.0,0.0
A,SER,  72 ,A_SER_  72 ,0.0,0.0,0.0
A,SER, 117 ,A_SER_ 117 ,0.0,0.0,0.0
A,SER, 124 ,A_SER_ 124 ,0.0,0.0,0.0
A,SER, 135 ,A_SER_ 135 ,0.0,0.0,0.0
A,SER, 145 ,A_SER_ 145 ,0.0,0.0,0.0
A,SER, 153 ,A_SER_ 153 ,0.0,0.0,0.0
A,SER, 154 ,A_SER_ 154 ,0.0,0.0,0.0
A,SER, 157 ,A_SER_ 157 ,0.0,0.0,0.0
A,SER, 160 ,A_SER_ 160 ,0.0,0.0,0.0
A,SER, 203 ,A_SER_ 203 ,0.0,0.0,0.0
A,SER, 206 ,A_SER_ 206 ,0.0,0.0,0.0
A,SER, 238 ,A_SER_ 238 ,0.0,0.0,0.0
A,SER, 268 ,A_SER_ 268 ,0.0,0.0,0.0
A,SER, 318 ,A_SER_ 318 ,0.0,0.0,0.0
A,SER, 377 ,A_SER_ 377 ,0.0,0.0,0.0
A,SER, 385 ,A_SER_ 385 ,0.0,0.0,0.0
A,SER, 395 ,A_SER_ 395 ,0.0,0.0,0.0
A,SER, 401 ,A_SER_ 401 ,0.0,0.0,0.0
A,SER, 410 ,A_SER_ 410 ,0.0,0.0,0.0
A,SER, 427 ,A_SER_ 427 ,0.0,0.0,0.0
A,THR,   2 ,A_THR_   2 ,0.0,0.0,0.0
A,THR,  29 ,A_THR_  29 ,0.0,0.0,0.0
A,THR,  43 ,A_THR_  43 ,0.0,0.0,0.0
A,THR,  64 ,A_THR_  64 ,0.0,0.0,0.0
A,THR,  90 ,A_THR_  90 ,0.0,0.0,0.0
A,THR, 105 ,A_THR_ 105 ,0.0,0.0,0.0
A,THR, 116 ,A_THR_ 116 ,0.0,0.0,0.0
A,THR, 171 ,A_THR_ 171 ,0.0,0.0,0.0
A,THR, 185 ,A_THR_ 185 ,0.0,0.0,0.0
A,THR, 200 ,A_THR_ 200 ,0.0,0.0,0.0
A,THR, 217 ,A_THR_ 217 ,0.0,0.0,0.0
A,THR, 226 ,A_THR_ 226 ,0.0,0.0,0.0
A,THR, 249 ,A_THR_ 249 ,0.0,0.0,0.0
A,THR, 297 ,A_THR_ 297 ,0.0,0.0,0.0
A,THR, 303 ,A_THR_ 303 ,0.0,0.0,0.0
A,THR, 319 ,A_THR_ 319 ,0.0,0.0,0.0
A,THR, 341 ,A_THR_ 341 ,0.0,0.0,0.0
A,THR, 358 ,A_THR_ 358 ,0.0,0.0,0.0
A,THR, 366 ,A_THR_ 366 ,0.0,0.0,0.0
A,THR, 396 ,A_THR_ 396 ,0.0,0.0,0.0
A,THR, 417 ,A_THR_ 417 ,0.0,0.0,0.0
A,THR, 424 ,A_THR_ 424 ,0.0,0.0,0.0
A,TRP, 343 ,A_TRP_ 343 ,0.0,0.0,0.0
A,TYR,   9 ,A_TYR_   9 ,0.0,0.0,0.0
A,TYR,  16 ,A_TYR_  16 ,0.0,0.0,0.0
A,TYR,  60 ,A_TYR_  60 ,0.0,0.0,0.0
A,TYR, 123 ,A_TYR_ 123 ,0.0,0.0,0.0
A,TYR, 131 ,A_TYR_ 131 ,0.0,0.0,0.0
A,TYR, 169 ,A_TYR_ 169 ,0.0,0.0,0.0
A,TYR, 195 ,A_TYR_ 195 ,0.0,0.0,0.0
A,TYR, 225 ,A_TYR_ 225 ,0.0,0.0,0.0
A,TYR, 265 ,A_TYR_ 265 ,0.0,0.0,0.0
A,TYR, 270 ,A_TYR_ 270 ,0.0,0.0,0.0
A,TYR, 320 ,A_TYR_ 320 ,0.0,0.0,0.0
A,TYR, 333 ,A_TYR_ 333 ,0.0,0.0,0.0
A,VAL,  20 ,A_VAL_  20 ,0.0,0.0,0.0
A,VAL,  58 ,A_VAL_  58 ,0.0,0.0,0.0
A,VAL,  67 ,A_VAL_  67 ,0.0,0.0,0.0
A,VAL, 101 ,A_VAL_ 101 ,0.0,0.0,0.0
A,VAL, 103 ,A_VAL_ 103 ,0.0,0.0,0.0
A,VAL, 107 ,A_VAL_ 107 ,0.0,0.0,0.0
A,VAL, 110 ,A_VAL_ 110 ,0.0,0.0,0.0
A,VAL, 112 ,A_VAL_ 112 ,0.0,0.0,0.0
A,VAL, 113 ,A_VAL_ 113 ,0.0,0.0,0.0
A,VAL, 137 ,A_VAL_ 137 ,0.0,0.0,0.0
A,VAL, 139 ,A_VAL_ 139 ,0.0,0.0,0.0
A,VAL, 143 ,A_VAL_ 143 ,0.0,0.0,0.0
A,VAL, 163 ,A_VAL_ 163 ,0.0,0.0,0.0
A,VAL, 172 ,A_VAL_ 172 ,0.0,0.0,0.0
A,VAL, 177 ,A_VAL_ 177 ,0.0,0.0,0.0
A,VAL, 180 ,A_VAL_ 180 ,0.0,0.0,0.0
A,VAL, 186 ,A_VAL_ 186 ,0.0,0.0,0.0
A,VAL, 194 ,A_VAL_ 194 ,0.0,0.0,0.0
A,VAL, 204 ,A_VAL_ 204 ,0.0,0.0,0.0
A,VAL, 205 ,A_VAL_ 205 ,0.0,0.0,0.0
A,VAL, 237 ,A_VAL_ 237 ,0.0,0.0,0.0
A,VAL, 239 ,A_VAL_ 239 ,0.0,0.0,0.0
A,VAL, 260 ,A_VAL_ 260 ,0.0,0.0,0.0
A,VAL, 266 ,A_VAL_ 266 ,0.0,0.0,0.0
A,VAL, 282 ,A_VAL_ 282 ,0.0,0.0,0.0
A,VAL, 286 ,A_VAL_ 286 ,0.0,0.0,0.0
A,VAL, 288 ,A_VAL_ 288 ,0.0,0.0,0.0
A,VAL, 350 ,A_VAL_ 350 ,0.0,0.0,0.0
A,VAL, 365 ,A_VAL_ 365 ,0.0,0.0,0.0
A,VAL, 375 ,A_VAL_ 375 ,0.0,0.0,0.0
A,VAL, 383 ,A_VAL_ 383 ,0.0,0.0,0.0
A,VAL, 394 ,A_VAL_ 394 ,0.0,0.0,0.0
A,VAL, 399 ,A_VAL_ 399 ,0.0,0.0,0.0
A,VAL, 412 ,A_VAL_ 412 ,0.0,0.0,0.0
